Date,Unit,Gen,HR,Target HR,Profit,Vacuum,MS Temp,FG Temp,Spray,SOx,NOx,Ash Util,Ash Cement,Ash Bricks,Coal Ash %,Biomass,Solar
2024-04-01,3,8.42,2307.17,2310.0,23832.65,-0.91,535.2,135.84,11.86,579.13,472.72,1683.3,1009.98,504.99,35.0,0.0,0.01
2024-04-01,2,8.43,2299.25,2310.0,90583.22,-0.89,538.22,133.89,11.93,479.13,462.06,1620.22,972.13,486.07,35.0,0.0,0.02
2024-04-01,1,8.4,2315.85,2310.0,-49152.26,-0.89,539.52,137.92,14.5,451.56,374.47,1300.91,780.54,390.27,35.0,0.0,0.01
2024-04-02,3,8.44,2308.36,2309.71,11369.93,-0.93,538.12,131.06,24.48,636.17,387.35,2486.17,1491.7,745.85,45.44,0.0,0.02
2024-04-02,1,7.29,2329.1,2324.78,-31513.31,-0.9,536.73,135.34,13.98,647.1,426.68,2486.17,1491.7,745.85,45.44,0.0,0.02
2024-04-02,2,8.46,2298.76,2305.65,58304.4,-0.93,537.24,132.48,19.94,560.81,376.08,2486.17,1491.7,745.85,45.44,0.0,0.02
2024-04-03,3,8.42,2335.83,2310.0,-217533.01,-0.91,533.67,130.33,17.29,615.94,425.62,1460.76,876.45,438.23,35.0,0.0,0.01
2024-04-03,2,8.43,2300.67,2305.65,41934.96,-0.89,533.24,132.26,17.54,599.65,382.41,2486.17,1491.7,745.85,45.44,0.0,0.01
2024-04-03,1,8.4,2318.2,2310.0,-68847.14,-0.93,537.03,139.87,21.39,478.53,363.09,1333.18,799.91,399.95,35.0,0.0,0.01
2024-04-04,3,8.1,2339.36,2310.0,-237923.08,-0.92,531.59,139.11,11.15,591.43,464.79,1479.69,887.81,443.91,35.0,0.0,0.02
2024-04-04,1,8.44,2318.72,2324.78,51179.62,-0.89,535.19,132.95,17.87,605.24,422.3,2486.17,1491.7,745.85,45.44,0.0,0.02
2024-04-04,2,8.46,2303.12,2305.65,21387.6,-0.91,539.19,129.58,19.26,522.34,354.55,2486.17,1491.7,745.85,45.44,0.0,0.01
2024-04-05,1,8.4,2318.39,2324.78,53683.07,-0.89,531.67,133.0,14.77,572.24,475.29,2486.17,1491.7,745.85,45.44,0.0,0.01
2024-04-05,2,8.47,2304.2,2305.65,12220.75,-0.93,539.42,130.18,14.49,558.48,433.42,2486.17,1491.7,745.85,45.44,0.0,0.01
2024-04-05,3,8.48,2309.32,2309.71,3307.91,-0.93,538.49,129.88,11.5,555.49,456.24,2486.17,1491.7,745.85,45.44,0.0,0.02
2024-04-06,1,8.42,2320.73,2310.0,-90305.29,-0.89,537.68,132.86,12.04,610.99,379.72,1338.08,802.85,401.42,35.0,0.0,0.01
2024-04-06,2,8.49,2303.85,2305.65,15231.11,-0.92,536.21,128.5,22.24,450.16,383.15,2486.17,1491.7,745.85,45.44,0.0,0.01
2024-04-06,3,8.45,2310.77,2310.0,-6488.73,-0.88,541.07,132.0,15.37,483.24,375.89,1497.38,898.43,449.21,35.0,0.0,0.01
2024-04-07,3,8.12,2312.56,2310.0,-20755.04,-0.9,531.28,133.47,17.32,639.55,443.93,1486.44,891.86,445.93,35.0,0.0,0.01
2024-04-07,2,8.47,2346.8,2310.0,-311590.71,-0.93,530.11,130.05,21.74,585.41,408.28,1414.96,848.98,424.49,35.0,0.0,0.01
2024-04-07,1,8.1,2322.69,2324.78,16904.94,-0.91,531.77,130.02,11.33,467.51,355.1,2486.17,1491.7,745.85,45.44,0.0,0.01
2024-04-08,3,6.07,2343.14,2310.0,-201268.6,-0.9,538.06,136.68,21.54,457.82,360.18,1491.76,895.06,447.53,35.0,0.0,0.02
2024-04-08,2,8.36,2303.36,2310.0,55470.73,-0.9,530.42,139.41,10.61,454.49,373.0,1647.67,988.6,494.3,35.0,0.0,0.01
2024-04-08,1,8.25,2320.3,2310.0,-84980.39,-0.92,533.84,132.52,14.3,594.47,416.01,1491.6,894.96,447.48,35.0,0.0,0.02
2024-04-09,2,8.3,2305.3,2305.65,2877.06,-0.89,541.98,130.65,22.31,482.79,409.19,2486.17,1491.7,745.85,45.44,0.0,0.02
2024-04-09,1,8.24,2322.08,2310.0,-99481.5,-0.93,534.41,137.43,11.6,463.42,393.0,1327.75,796.65,398.32,35.0,0.0,0.01
2024-04-09,3,8.32,2310.95,2310.0,-7934.86,-0.92,537.76,129.15,12.56,588.67,368.48,1561.86,937.12,468.56,35.0,0.0,0.01
2024-04-10,3,8.46,2308.63,2310.0,11587.55,-0.91,537.3,137.0,12.91,491.65,434.84,1472.09,883.25,441.63,35.0,0.0,0.02
2024-04-10,2,7.87,2309.27,2310.0,5740.59,-0.89,538.67,137.28,21.49,551.1,373.96,1602.07,961.24,480.62,35.0,0.0,0.01
2024-04-10,1,7.79,2328.18,2310.0,-141621.55,-0.93,540.74,135.21,13.44,617.95,368.84,1547.12,928.27,464.14,35.0,0.0,0.01
2024-04-11,1,7.79,2326.35,2310.0,-127339.24,-0.91,530.68,133.21,13.16,641.75,460.0,1366.73,820.04,410.02,35.0,0.0,0.02
2024-04-11,2,8.19,2309.64,2310.0,2944.46,-0.93,535.38,138.73,13.48,646.63,451.97,1301.86,781.12,390.56,35.0,0.0,0.02
2024-04-11,3,8.31,2313.18,2310.0,-26479.84,-0.89,530.26,136.06,24.58,574.31,468.11,1648.78,989.27,494.63,35.0,0.0,0.02
2024-04-12,2,7.88,2309.92,2310.0,622.27,-0.89,538.16,135.37,17.5,601.76,410.75,1567.01,940.21,470.1,35.0,0.0,0.02
2024-04-12,1,7.74,2328.82,2310.0,-145624.06,-0.92,539.53,131.96,10.2,543.91,372.76,1675.66,1005.39,502.7,35.0,0.0,0.01
2024-04-12,3,8.45,2309.81,2309.71,-877.38,-0.89,536.86,133.14,20.63,587.62,416.08,2486.17,1491.7,745.85,45.44,0.0,0.01
2024-04-13,3,8.46,2308.68,2309.71,8642.95,-0.9,534.35,129.76,15.42,499.44,456.58,2486.17,1491.7,745.85,45.44,0.0,0.01
2024-04-13,1,8.2,2322.78,2324.78,16399.63,-0.92,537.05,136.78,20.98,475.64,353.12,2486.17,1491.7,745.85,45.44,0.0,0.02
2024-04-13,2,8.26,2305.88,2305.65,-1908.8,-0.93,532.21,137.89,12.61,535.07,390.69,2486.17,1491.7,745.85,45.44,0.0,0.01
2024-04-14,2,8.27,2306.47,2310.0,29221.91,-0.91,534.6,133.64,22.94,458.24,391.29,1606.33,963.8,481.9,35.0,0.0,0.02
2024-04-14,3,8.4,2310.95,2310.0,-7994.0,-0.9,539.35,130.22,24.47,500.08,407.26,1355.91,813.54,406.77,35.0,0.0,0.01
2024-04-14,1,8.07,2324.73,2324.78,419.24,-0.91,534.01,138.0,19.56,599.68,422.01,2486.17,1491.7,745.85,45.44,0.0,0.02
2024-04-15,2,8.48,2259.34,2310.0,429687.59,-0.89,533.75,129.17,18.38,644.95,353.73,1364.32,818.59,409.3,35.0,0.0,0.01
2024-04-15,3,7.94,2315.14,2310.0,-40810.37,-0.89,541.23,138.82,18.01,611.09,376.46,1399.6,839.76,419.88,35.0,0.0,0.01
2024-04-15,1,8.03,2282.6,2310.0,220029.5,-0.92,537.06,129.25,18.59,574.94,369.6,1611.48,966.89,483.45,35.0,300.0,0.01
2024-04-16,3,7.8,2346.23,2310.0,-282707.53,-0.91,531.22,137.34,15.59,458.36,353.49,1586.56,951.94,475.97,35.0,0.0,0.01
2024-04-16,1,8.12,2324.02,2310.0,-113851.59,-0.92,540.25,138.08,11.46,577.68,458.72,1379.35,827.61,413.8,35.0,0.0,0.02
2024-04-16,2,8.36,2318.9,2310.0,-74385.96,-0.93,541.22,130.08,13.38,540.32,398.06,1604.33,962.6,481.3,35.0,0.0,0.01
2024-04-17,1,7.82,2316.2,2310.0,-48471.28,-0.92,539.55,135.71,24.48,527.86,469.67,1556.88,934.13,467.06,35.0,0.0,0.01
2024-04-17,3,8.47,2311.52,2309.71,-15387.62,-0.88,540.1,134.88,16.16,506.51,421.76,2486.17,1491.7,745.85,45.44,0.0,0.01
2024-04-17,2,2.76,2254.29,2305.65,141950.96,-0.93,540.47,131.7,23.3,574.94,405.5,2486.17,1491.7,745.85,45.44,0.0,0.01
2024-04-18,1,8.22,2289.7,2310.0,166771.23,-0.88,535.52,138.49,11.12,587.34,410.74,1374.27,824.56,412.28,35.0,0.0,0.01
2024-04-18,2,7.92,2285.71,2310.0,192395.7,-0.9,535.55,138.15,12.72,505.8,422.03,1426.12,855.67,427.83,35.0,0.0,0.02
2024-04-18,3,8.4,2319.1,2310.0,-76457.76,-0.93,530.72,131.44,22.94,638.22,411.73,1371.32,822.79,411.4,35.0,0.0,0.01
2024-04-19,2,1.3,2631.3,2310.0,-418970.98,-0.92,532.26,128.58,14.86,544.69,372.69,1412.19,847.32,423.66,35.0,0.0,0.01
2024-04-19,1,7.29,2335.29,2310.0,-184436.29,-0.9,531.07,128.38,10.68,587.61,454.45,1627.52,976.51,488.25,35.0,0.0,0.02
2024-04-19,3,8.14,2339.91,2310.0,-243428.14,-0.9,536.59,130.28,16.68,580.23,371.22,1608.92,965.35,482.68,35.0,0.0,0.01
2024-04-20,2,7.7,2311.98,2310.0,-15260.46,-0.9,535.81,133.61,11.84,627.7,379.55,1404.82,842.89,421.45,35.0,0.0,0.01
2024-04-20,1,8.03,2296.92,2310.0,105095.12,-0.94,536.29,130.74,18.07,551.11,367.9,1388.54,833.12,416.56,35.0,0.0,0.02
2024-04-20,3,8.47,2309.7,2310.0,2514.83,-0.91,538.7,137.96,24.16,549.3,446.45,1592.26,955.36,477.68,35.0,0.0,0.01
2024-04-21,3,8.47,2311.41,2309.71,-14437.92,-0.89,531.91,139.36,17.59,629.46,408.62,2486.17,1491.7,745.85,45.44,0.0,0.02
2024-04-21,2,7.63,2315.55,2305.65,-75552.72,-0.92,539.19,137.67,14.8,610.66,350.34,2486.17,1491.7,745.85,45.44,0.0,0.01
2024-04-21,1,7.77,2327.57,2324.78,-21711.95,-0.92,538.75,136.05,21.04,518.21,372.44,2486.17,1491.7,745.85,45.44,0.0,0.01
2024-04-22,3,8.24,2310.71,2310.0,-5832.87,-0.93,539.07,135.58,15.87,574.09,454.46,1399.37,839.62,419.81,35.0,0.0,0.01
2024-04-22,2,8.4,2310.33,2310.0,-2771.2,-0.89,537.35,132.66,20.54,458.17,362.78,1507.68,904.61,452.3,35.0,0.0,0.02
2024-04-22,1,7.95,2331.96,2310.0,-174610.71,-0.89,532.49,136.86,17.04,622.48,366.08,1311.24,786.75,393.37,35.0,0.0,0.02
2024-04-23,1,8.14,2329.75,2310.0,-160790.86,-0.9,534.39,135.53,24.69,548.23,353.86,1556.29,933.78,466.89,35.0,0.0,0.02
2024-04-23,2,8.4,2312.41,2310.0,-20222.09,-0.94,535.76,136.07,22.88,491.2,395.65,1445.57,867.34,433.67,35.0,0.0,0.01
2024-04-23,3,4.62,2361.62,2310.0,-238607.49,-0.92,536.64,133.07,12.86,631.19,427.82,1486.52,891.91,445.96,35.0,0.0,0.01
2024-04-24,1,8.27,2327.84,2310.0,-147571.14,-0.89,533.87,134.09,11.9,582.42,413.0,1541.55,924.93,462.47,35.0,0.0,0.01
2024-04-24,2,8.36,2313.13,2310.0,-26138.3,-0.94,537.09,133.85,24.14,489.38,415.09,1680.67,1008.4,504.2,35.0,0.0,0.01
2024-04-24,3,3.87,2371.2,2310.0,-236592.16,-0.89,534.61,133.54,12.94,628.37,423.77,1318.93,791.36,395.68,35.0,0.0,0.02
2024-04-25,1,8.35,2325.95,2310.0,-133244.67,-0.93,538.14,136.55,23.77,612.95,473.97,1558.51,935.1,467.55,35.0,0.0,0.02
2024-04-25,3,0.36,2282.43,2309.71,9819.51,-0.9,532.99,135.47,17.77,559.79,443.4,2486.17,1491.7,745.85,45.44,0.0,0.01
2024-04-25,2,8.32,2342.01,2310.0,-266273.81,-0.88,534.8,131.87,17.2,580.34,384.49,1518.95,911.37,455.69,35.0,0.0,0.01
2024-04-26,3,8.06,2292.19,2310.0,143572.9,-0.91,531.91,137.61,17.08,588.87,383.84,1605.98,963.59,481.8,35.0,0.0,0.01
2024-04-26,1,8.18,2329.98,2310.0,-163463.66,-0.9,540.67,138.48,13.99,617.12,373.69,1690.42,1014.25,507.12,35.0,0.0,0.02
2024-04-26,2,8.46,2329.74,2310.0,-166979.34,-0.92,534.54,129.73,22.11,573.94,383.25,1683.21,1009.93,504.96,35.0,0.0,0.02
2024-04-27,3,0.0,0.0,2310.0,0.0,-0.94,534.67,138.86,13.73,509.65,464.09,1565.49,939.29,469.65,35.0,0.0,0.02
2024-04-27,2,8.54,2311.37,2310.0,-11734.41,-0.89,532.83,129.55,10.77,539.27,427.98,1432.75,859.65,429.83,35.0,0.0,0.01
2024-04-27,1,8.5,2325.25,2310.0,-129618.88,-0.92,538.41,137.46,15.85,456.27,412.98,1593.15,955.89,477.95,35.0,0.0,0.02
2024-04-28,2,8.34,2310.27,2305.65,-38538.46,-0.92,530.75,137.09,18.83,496.72,376.58,2486.17,1491.7,745.85,45.44,0.0,0.02
2024-04-28,1,8.33,2332.93,2310.0,-190978.45,-0.9,534.91,139.53,24.11,468.03,394.83,1580.83,948.5,474.25,35.0,0.0,0.01
2024-04-28,3,8.05,2333.98,2310.0,-193084.16,-0.93,539.84,135.63,18.66,557.71,447.38,1412.3,847.38,423.69,35.0,0.0,0.01
2024-04-29,2,8.5,2314.03,2310.0,-34225.48,-0.92,538.61,130.77,12.52,628.98,408.57,1581.36,948.82,474.41,35.0,0.0,0.02
2024-04-29,1,8.48,2334.13,2310.0,-204704.07,-0.92,541.27,128.44,15.01,584.69,351.54,1488.22,892.93,446.47,35.0,0.0,0.02
2024-04-29,3,0.0,0.0,2310.0,0.0,-0.89,541.74,132.45,18.93,491.83,367.29,1464.46,878.68,439.34,35.0,0.0,0.02
2024-04-30,1,7.91,2327.9,2310.0,-141539.4,-0.92,533.04,138.21,18.11,597.95,423.39,1561.15,936.69,468.35,35.0,0.0,0.02
2024-04-30,2,8.5,2313.81,2305.65,-69468.03,-0.89,540.8,135.94,13.87,473.06,451.78,2486.17,1491.7,745.85,45.44,0.0,0.02
2024-04-30,3,0.0,0.0,2309.71,0.0,-0.91,530.26,135.23,23.01,471.4,447.01,2486.17,1491.7,745.85,45.44,0.0,0.02
2024-05-01,2,8.02,2303.07,2310.0,55577.16,-0.88,538.63,130.59,22.52,568.0,452.5,1515.73,909.44,454.72,35.0,300.0,0.01
2024-05-01,3,8.4,2324.94,2310.0,-125564.15,-0.91,535.58,136.57,15.91,544.05,396.7,1569.48,941.69,470.84,35.0,300.0,0.02
2024-05-01,1,8.08,2339.28,2341.02,14054.15,-0.93,537.97,129.96,20.04,593.89,428.6,2486.17,1491.7,745.85,45.44,477.8,0.02
2024-05-02,3,1.98,2349.29,2310.0,-77879.29,-0.89,540.89,136.17,21.33,551.27,471.73,1545.97,927.58,463.79,35.0,0.0,0.01
2024-05-02,2,8.22,2315.25,2310.0,-43145.89,-0.89,530.88,137.79,17.99,597.99,384.48,1685.11,1011.07,505.53,35.0,0.0,0.01
2024-05-02,1,8.14,2341.02,2310.0,-252505.61,-0.93,533.33,138.75,21.05,632.27,382.75,1344.02,806.41,403.21,35.0,0.0,0.01
2024-05-03,3,8.43,2323.36,2310.0,-112683.78,-0.94,531.93,129.09,20.04,532.31,409.93,1359.35,815.61,407.81,35.0,0.0,0.02
2024-05-03,1,8.45,2337.57,2310.0,-232888.6,-0.9,541.11,135.01,13.4,648.86,414.2,1352.44,811.46,405.73,35.0,0.0,0.01
2024-05-03,2,8.49,2312.08,2310.0,-17644.11,-0.9,530.66,133.04,14.61,515.8,361.42,1300.83,780.5,390.25,35.0,0.0,0.02
2024-05-04,3,8.39,2308.73,2310.0,10668.22,-0.92,531.85,132.93,17.15,577.18,427.4,1389.22,833.53,416.77,35.0,0.0,0.01
2024-05-04,2,8.5,2315.15,2310.0,-43795.83,-0.89,541.92,136.52,23.41,479.05,415.51,1463.88,878.33,439.16,35.0,0.0,0.01
2024-05-04,1,8.46,2337.35,2310.0,-231286.15,-0.94,530.82,135.9,13.28,461.11,351.37,1507.93,904.76,452.38,35.0,0.0,0.01
2024-05-05,1,8.43,2338.07,2310.0,-236707.52,-0.91,531.09,129.49,19.74,603.83,432.71,1686.71,1012.03,506.01,35.0,0.0,0.02
2024-05-05,2,8.44,2315.59,2310.0,-47153.14,-0.89,536.75,132.29,15.25,546.09,366.75,1594.44,956.66,478.33,35.0,0.0,0.02
2024-05-05,3,8.43,2319.8,2310.0,-82595.78,-0.93,537.31,132.49,12.36,470.73,358.49,1353.72,812.23,406.12,35.0,0.0,0.02
2024-05-06,1,8.15,2313.27,2310.0,-26619.55,-0.93,538.78,133.41,11.79,586.28,351.68,1338.22,802.93,401.46,35.0,0.0,0.01
2024-05-06,3,8.07,2311.22,2310.0,-9843.26,-0.89,535.06,129.99,10.38,519.46,461.94,1329.08,797.45,398.72,35.0,0.0,0.02
2024-05-06,2,8.49,2312.09,2310.0,-17757.12,-0.91,533.53,134.76,16.17,602.49,351.48,1323.0,793.8,396.9,35.0,0.0,0.01
2024-05-07,2,8.46,2313.61,2318.25,39255.05,-0.94,532.7,128.48,23.72,621.35,378.81,2486.17,1491.7,745.85,45.44,0.0,0.01
2024-05-07,1,7.32,2352.01,2341.02,-80401.81,-0.93,531.81,131.68,13.69,540.33,449.9,2486.17,1491.7,745.85,45.44,0.0,0.02
2024-05-07,3,7.9,2324.61,2320.49,-32563.71,-0.92,533.01,135.06,15.03,638.82,385.03,2486.17,1491.7,745.85,45.44,0.0,0.02
2024-05-08,2,8.06,2285.57,2310.0,196869.34,-0.91,531.43,133.41,23.45,462.22,432.53,1616.96,970.18,485.09,35.0,0.0,0.02
2024-05-08,1,7.64,2346.88,2310.0,-281790.46,-0.89,531.94,134.99,17.91,533.89,416.82,1645.14,987.08,493.54,35.0,0.0,0.02
2024-05-08,3,8.43,2320.26,2310.0,-86566.36,-0.93,541.32,138.68,22.09,529.7,383.83,1523.09,913.85,456.93,35.0,0.0,0.01
2024-05-09,2,8.13,2345.18,2310.0,-285915.15,-0.93,536.17,133.3,11.4,451.26,427.35,1522.31,913.39,456.69,35.0,0.0,0.01
2024-05-09,1,8.3,2282.3,2310.0,229980.09,-0.89,538.25,132.41,15.86,631.51,385.85,1687.59,1012.55,506.28,35.0,0.0,0.02
2024-05-09,3,8.44,2317.92,2320.49,21672.72,-0.89,538.67,131.26,15.64,491.24,369.1,2486.17,1491.7,745.85,45.44,0.0,0.01
2024-05-10,2,8.41,2313.65,2310.0,-30702.01,-0.89,533.95,139.95,19.2,474.2,479.13,1605.38,963.23,481.61,35.0,0.0,0.01
2024-05-10,1,8.39,2285.51,2310.0,205593.63,-0.9,532.77,129.4,23.74,518.24,373.79,1601.05,960.63,480.31,35.0,0.0,0.02
2024-05-10,3,8.01,2281.68,2310.0,226791.16,-0.92,532.45,133.08,14.8,569.09,446.89,1513.65,908.19,454.1,35.0,0.0,0.01
2024-05-11,2,8.35,2306.15,2310.0,32144.51,-0.92,532.17,128.76,23.41,557.88,400.61,1355.04,813.03,406.51,35.0,0.0,0.02
2024-05-11,1,7.25,2351.8,2310.0,-302904.8,-0.89,539.58,134.77,11.25,530.59,414.64,1387.68,832.61,416.31,35.0,0.0,0.02
2024-05-11,3,8.47,2318.28,2310.0,-70135.51,-0.92,541.4,137.46,16.15,618.19,402.63,1435.63,861.38,430.69,35.0,0.0,0.01
2024-05-12,3,7.95,2327.26,2310.0,-137242.76,-0.92,540.05,130.19,17.37,536.62,474.28,1609.07,965.44,482.72,35.0,0.0,0.01
2024-05-12,1,8.33,2315.74,2310.0,-47856.52,-0.89,532.55,131.95,14.96,604.85,410.61,1499.79,899.88,449.94,35.0,0.0,0.02
2024-05-12,2,8.31,2283.08,2310.0,223745.34,-0.93,537.97,129.24,19.96,648.78,469.25,1566.62,939.97,469.99,35.0,0.0,0.01
2024-05-13,1,8.45,2340.74,2310.0,-259743.12,-0.89,535.64,134.4,15.23,517.09,364.52,1495.96,897.58,448.79,35.0,0.0,0.02
2024-05-13,3,8.44,2320.32,2310.0,-87095.7,-0.94,534.76,131.78,13.02,617.35,399.61,1647.74,988.64,494.32,35.0,0.0,0.02
2024-05-13,2,0.0,0.0,2318.25,0.0,-0.89,535.55,139.16,17.76,542.94,372.83,2486.17,1491.7,745.85,45.44,0.0,0.01
2024-05-14,3,8.44,2320.75,2310.0,-90727.87,-0.91,539.86,131.15,22.61,580.37,433.26,1417.83,850.7,425.35,35.0,0.0,0.02
2024-05-14,2,0.0,0.0,2310.0,0.0,-0.93,538.06,135.69,18.3,566.67,366.61,1699.56,1019.73,509.87,35.0,0.0,0.01
2024-05-14,1,8.04,2342.36,2310.0,-260036.83,-0.89,531.5,134.92,13.31,465.21,353.75,1319.17,791.5,395.75,35.0,0.0,0.02
2024-05-15,1,8.4,2339.3,2310.0,-246108.4,-0.9,535.22,130.02,19.71,590.94,439.47,1494.86,896.92,448.46,35.0,0.0,0.02
2024-05-15,2,8.08,2335.67,2310.0,-207320.43,-0.94,541.16,138.9,23.57,646.92,460.67,1672.32,1003.39,501.69,35.0,300.0,0.01
2024-05-15,3,8.44,2319.24,2310.0,-77991.47,-0.91,531.24,128.98,17.66,496.38,476.57,1570.08,942.05,471.02,35.0,0.0,0.01
2024-05-16,1,8.26,2294.99,2310.0,124015.01,-0.92,539.12,134.16,13.24,499.51,399.17,1395.11,837.07,418.53,35.0,0.0,0.01
2024-05-16,3,8.47,2320.94,2320.49,-3781.7,-0.9,532.42,133.31,13.68,509.15,440.43,2486.17,1491.7,745.85,45.44,313.91,0.01
2024-05-16,2,8.46,2319.62,2310.0,-81350.77,-0.91,540.35,134.96,17.17,528.98,475.92,1397.35,838.41,419.2,35.0,0.0,0.01
2024-05-17,3,7.96,2334.1,2310.0,-191830.06,-0.89,537.13,131.36,16.03,484.32,427.1,1374.27,824.56,412.28,35.0,0.0,0.01
2024-05-17,2,8.35,2326.59,2310.0,-138577.47,-0.91,535.93,130.94,25.0,638.86,380.51,1567.35,940.41,470.2,35.0,0.0,0.02
2024-05-17,1,8.17,2325.37,2310.0,-125558.93,-0.88,539.34,131.24,11.1,461.72,442.97,1396.66,838.0,419.0,35.0,0.0,0.02
2024-05-18,2,8.42,2321.47,2318.25,-27138.24,-0.91,536.23,134.86,23.39,477.27,377.45,2486.17,1491.7,745.85,45.44,0.0,0.01
2024-05-18,1,8.46,2337.82,2310.0,-235351.63,-0.89,541.13,132.32,23.07,494.05,410.52,1362.13,817.28,408.64,35.0,0.0,0.02
2024-05-18,3,8.44,2321.2,2310.0,-94572.68,-0.94,538.74,128.37,23.27,621.93,439.14,1568.66,941.19,470.6,35.0,0.0,0.01
2024-05-19,3,7.97,2334.79,2310.0,-197532.21,-0.9,534.62,138.48,15.01,592.15,427.16,1588.91,953.35,476.67,35.0,0.0,0.01
2024-05-19,1,8.08,2328.06,2310.0,-146014.6,-0.91,533.76,136.14,13.67,631.93,375.97,1608.76,965.25,482.63,35.0,0.0,0.02
2024-05-19,2,8.46,2320.82,2318.25,-21687.99,-0.94,540.55,129.85,13.72,489.63,382.87,2486.17,1491.7,745.85,45.44,0.0,0.01
2024-05-20,2,7.62,2329.49,2310.0,-148569.68,-0.88,537.06,135.59,21.35,596.7,357.16,1384.88,830.93,415.46,35.0,0.0,0.02
2024-05-20,1,8.43,2340.74,2310.0,-259159.96,-0.9,533.99,130.41,22.89,483.27,409.01,1300.17,780.1,390.05,35.0,0.0,0.02
2024-05-20,3,8.45,2321.29,2310.0,-95448.15,-0.92,538.95,128.23,24.42,541.62,443.34,1329.44,797.67,398.83,35.0,0.0,0.02
2024-05-21,1,7.63,2348.75,2310.0,-295495.25,-0.89,540.36,135.04,11.04,538.34,395.25,1528.1,916.86,458.43,35.0,0.0,0.01
2024-05-21,2,7.87,2331.42,2310.0,-168518.28,-0.93,531.79,128.82,16.05,551.04,409.91,1492.44,895.46,447.73,35.0,0.0,0.02
2024-05-21,3,8.24,2343.19,2310.0,-273585.52,-0.89,540.66,133.85,22.48,640.39,418.96,1639.49,983.69,491.85,35.0,0.0,0.02
2024-05-22,1,8.45,2341.92,2310.0,-269845.57,-0.91,539.84,129.19,19.11,541.34,389.57,1353.34,812.0,406.0,35.0,0.0,0.01
2024-05-22,2,8.46,2321.19,2310.0,-94648.29,-0.93,541.8,128.86,21.22,644.92,450.18,1636.72,982.03,491.01,35.0,0.0,0.02
2024-05-22,3,8.47,2318.21,2310.0,-69533.47,-0.9,536.92,138.33,24.67,533.57,440.62,1398.1,838.86,419.43,35.0,0.0,0.01
2024-05-23,3,8.32,2322.09,2310.0,-100610.89,-0.93,534.9,135.94,11.13,539.51,374.5,1525.37,915.22,457.61,35.0,0.0,0.02
2024-05-23,1,8.5,2342.2,2310.0,-273627.42,-0.94,537.15,132.5,19.67,461.07,391.49,1471.04,882.62,441.31,35.0,0.0,0.02
2024-05-23,2,8.41,2322.75,2310.0,-107204.12,-0.9,541.86,137.16,10.19,557.96,364.7,1425.18,855.11,427.55,35.0,0.0,0.02
2024-05-24,1,8.01,2301.7,2310.0,66538.47,-0.92,532.25,139.82,14.9,484.21,476.66,1473.93,884.36,442.18,35.0,0.0,0.01
2024-05-24,3,8.46,2318.6,2310.0,-72802.05,-0.89,538.53,137.92,18.45,647.2,430.45,1450.79,870.47,435.24,35.0,0.0,0.02
2024-05-24,2,8.44,2332.68,2310.0,-191502.73,-0.93,532.2,131.23,13.49,457.81,427.29,1554.62,932.77,466.39,35.0,0.0,0.01
2024-05-25,3,8.43,2319.17,2320.49,11149.06,-0.93,536.28,136.07,12.39,460.81,419.37,2486.17,1491.7,745.85,45.44,0.0,0.02
2024-05-25,1,8.45,2344.41,2310.0,-290594.72,-0.91,538.58,138.82,21.4,644.07,353.83,1308.84,785.3,392.65,35.0,0.0,0.02
2024-05-25,2,8.49,2321.2,2310.0,-95064.77,-0.91,531.12,138.25,10.96,468.65,428.49,1454.22,872.53,436.26,35.0,0.0,0.01
2024-05-26,3,7.77,2325.78,2310.0,-122541.02,-0.9,535.02,137.0,16.06,640.1,384.18,1503.88,902.33,451.17,35.0,0.0,0.02
2024-05-26,2,8.34,2318.87,2310.0,-73991.1,-0.9,537.52,128.57,20.56,481.41,362.42,1628.07,976.84,488.42,35.0,0.0,0.01
2024-05-26,1,8.28,2344.84,2341.02,-31655.51,-0.89,533.45,137.91,21.85,541.45,364.7,2486.17,1491.7,745.85,45.44,0.0,0.01
2024-05-27,1,8.42,2342.75,2310.0,-275655.44,-0.92,541.79,132.21,13.23,559.7,446.56,1692.97,1015.78,507.89,35.0,0.0,0.01
2024-05-27,2,7.92,2281.76,2310.0,223762.82,-0.9,541.9,129.65,22.6,556.0,464.96,1378.3,826.98,413.49,35.0,0.0,0.02
2024-05-27,3,8.38,2339.06,2310.0,-243424.87,-0.92,536.51,133.84,24.25,516.18,444.34,1685.04,1011.02,505.51,35.0,0.0,0.01
2024-05-28,3,7.82,2303.29,2310.0,52485.68,-0.91,530.33,137.84,19.1,647.38,430.52,1600.87,960.52,480.26,35.0,0.0,0.01
2024-05-28,2,8.19,2341.44,2310.0,-257448.46,-0.88,534.86,129.75,11.31,530.81,443.5,1496.62,897.97,448.99,35.0,0.0,0.02
2024-05-28,1,8.3,2351.85,2310.0,-347470.7,-0.89,532.5,130.65,19.89,598.21,442.42,1553.39,932.03,466.02,35.0,0.0,0.02
2024-05-29,3,8.26,2284.56,2310.0,210246.52,-0.93,532.72,136.24,20.51,467.41,467.65,1665.42,999.25,499.63,35.0,0.0,0.02
2024-05-29,2,8.44,2320.39,2310.0,-87685.53,-0.93,537.31,134.44,19.43,465.88,458.33,1326.54,795.92,397.96,35.0,0.0,0.01
2024-05-29,1,8.46,2347.1,2310.0,-313947.98,-0.88,540.6,129.28,21.82,511.67,438.86,1503.8,902.28,451.14,35.0,0.0,0.01
2024-05-30,3,7.93,2325.68,2310.0,-124301.08,-0.89,532.43,128.16,17.51,479.42,353.65,1567.68,940.61,470.3,35.0,0.0,0.02
2024-05-30,2,8.41,2327.17,2310.0,-144348.96,-0.89,535.83,134.03,18.97,478.12,433.65,1640.25,984.15,492.07,35.0,0.0,0.02
2024-05-30,1,8.32,2348.88,2310.0,-323613.86,-0.89,539.75,128.0,17.95,451.5,395.7,1473.09,883.85,441.93,35.0,0.0,0.01
2024-05-31,3,8.07,2309.4,2310.0,4802.61,-0.94,536.12,133.18,19.44,573.0,402.47,1444.26,866.56,433.28,35.0,0.0,0.01
2024-05-31,2,8.22,2299.91,2310.0,83024.09,-0.91,540.71,135.99,15.21,523.63,373.7,1534.01,920.4,460.2,35.0,0.0,0.02
2024-05-31,1,8.37,2333.95,2310.0,-200499.04,-0.91,536.15,129.85,18.55,622.18,467.42,1486.2,891.72,445.86,35.0,0.0,0.01
2024-06-01,1,8.5,2339.48,2310.0,-250424.83,-0.89,535.4,128.94,21.7,468.76,372.45,1468.09,880.85,440.43,35.0,0.0,0.02
2024-06-01,2,8.16,2297.41,2310.0,102734.16,-0.92,538.56,134.25,17.69,583.56,426.18,1617.37,970.42,485.21,35.0,300.0,0.02
2024-06-01,3,8.19,2322.95,2310.0,-105999.09,-0.92,540.97,137.88,18.88,615.39,452.72,1332.96,799.78,399.89,35.0,0.0,0.01
2024-06-02,1,8.46,2343.19,2310.0,-280737.94,-0.92,532.94,131.14,11.84,612.78,375.37,1638.39,983.03,491.52,35.0,0.0,0.02
2024-06-02,3,7.89,2325.6,2310.0,-123057.14,-0.88,538.16,134.21,18.63,566.22,474.35,1345.15,807.09,403.54,35.0,0.0,0.01
2024-06-02,2,8.21,2344.81,2310.0,-285897.43,-0.9,534.69,136.96,18.47,537.94,359.7,1315.78,789.47,394.73,35.0,0.0,0.02
2024-06-03,1,8.44,2342.06,2342.98,7797.74,-0.93,531.0,134.77,10.75,648.42,365.45,2486.17,1491.7,745.85,45.44,0.0,0.01
2024-06-03,2,5.97,2325.17,2320.5,-27870.09,-0.93,540.59,138.21,12.25,476.07,351.94,2486.17,1491.7,745.85,45.44,0.0,0.01
2024-06-03,3,8.36,2321.4,2321.98,4835.9,-0.89,539.64,130.42,18.06,609.21,465.7,2486.17,1491.7,745.85,45.44,0.0,0.02
2024-06-04,3,8.22,2304.35,2310.0,46484.64,-0.89,534.93,128.52,13.79,538.64,398.7,1602.14,961.28,480.64,35.0,0.0,0.02
2024-06-04,1,8.08,2343.85,2310.0,-273598.07,-0.92,535.93,132.74,14.56,469.05,413.3,1524.81,914.89,457.44,35.0,0.0,0.02
2024-06-04,2,6.89,2328.52,2310.0,-127590.55,-0.93,532.66,135.12,22.4,511.23,436.04,1676.14,1005.68,502.84,35.0,0.0,0.02
2024-06-05,1,8.41,2342.06,2342.98,7743.39,-0.92,541.81,134.67,24.41,532.58,461.67,2486.17,1491.7,745.85,45.44,0.0,0.01
2024-06-05,3,8.22,2322.99,2321.98,-8311.12,-0.89,537.62,128.19,12.15,459.86,388.23,2486.17,1491.7,745.85,45.44,0.0,0.01
2024-06-05,2,8.49,2320.91,2310.0,-92686.99,-0.9,532.29,137.21,10.68,609.49,355.9,1424.7,854.82,427.41,35.0,0.0,0.02
2024-06-06,2,8.14,2322.9,2320.5,-19537.89,-0.89,540.58,128.48,18.5,498.96,365.0,2486.17,1491.7,745.85,45.44,0.0,0.01
2024-06-06,3,8.1,2322.01,2321.98,-255.61,-0.9,535.13,138.68,23.98,586.12,402.89,2486.17,1491.7,745.85,45.44,0.0,0.02
2024-06-06,1,8.45,2314.53,2310.0,-38305.97,-0.9,538.45,134.17,17.57,497.31,360.01,1378.46,827.08,413.54,35.0,0.0,0.02
2024-06-07,2,8.0,2330.51,2310.0,-164048.15,-0.93,536.33,138.76,15.55,539.58,430.07,1392.26,835.36,417.68,35.0,0.0,0.02
2024-06-07,3,8.45,2319.65,2321.98,19688.93,-0.89,536.72,130.52,10.2,532.19,426.84,2486.17,1491.7,745.85,45.44,0.0,0.02
2024-06-07,1,7.97,2331.8,2310.0,-173735.98,-0.93,541.98,135.79,20.27,525.87,415.57,1622.96,973.78,486.89,35.0,0.0,0.01
2024-06-08,3,8.46,2319.56,2310.0,-80888.95,-0.93,532.15,136.75,10.12,514.78,446.05,1358.34,815.0,407.5,35.0,0.0,0.01
2024-06-08,1,8.4,2340.38,2310.0,-255200.92,-0.93,539.24,133.78,13.6,550.12,379.5,1659.95,995.97,497.99,35.0,0.0,0.02
2024-06-08,2,8.55,2318.79,2310.0,-75104.78,-0.93,536.85,129.29,21.84,497.02,393.11,1630.68,978.41,489.2,35.0,0.0,0.02
2024-06-09,2,8.43,2320.65,2310.0,-89761.16,-0.93,537.88,132.13,23.16,606.92,370.71,1355.23,813.14,406.57,35.0,0.0,0.01
2024-06-09,3,8.07,2324.2,2310.0,-114643.63,-0.88,539.3,128.27,13.88,573.33,477.46,1571.69,943.02,471.51,35.0,0.0,0.02
2024-06-09,1,8.4,2341.98,2310.0,-268726.78,-0.94,539.34,137.7,15.81,503.18,433.44,1350.3,810.18,405.09,35.0,0.0,0.02
2024-06-10,2,8.32,2345.02,2310.0,-291533.45,-0.93,541.09,131.3,15.7,458.32,466.9,1671.97,1003.18,501.59,35.0,0.0,0.01
2024-06-10,3,8.19,2320.93,2310.0,-89525.14,-0.89,532.52,139.32,16.18,566.49,400.41,1384.32,830.59,415.3,35.0,0.0,0.01
2024-06-10,1,7.46,2353.55,2310.0,-324878.99,-0.9,530.35,138.69,23.81,583.05,383.09,1679.97,1007.98,503.99,35.0,0.0,0.01
2024-06-11,1,8.41,2341.86,2310.0,-267914.56,-0.94,541.0,138.86,23.81,535.66,478.83,1306.43,783.86,391.93,35.0,0.0,0.02
2024-06-11,2,8.51,2319.49,2310.0,-80801.96,-0.88,534.35,135.53,11.85,498.22,355.82,1464.46,878.68,439.34,35.0,0.0,0.01
2024-06-11,3,8.12,2286.96,2310.0,186935.41,-0.91,532.66,131.28,13.71,638.9,473.81,1559.81,935.89,467.94,35.0,0.0,0.02
2024-06-12,3,8.41,2320.94,2310.0,-91923.16,-0.9,536.93,137.42,17.53,459.04,474.59,1302.46,781.48,390.74,35.0,0.0,0.01
2024-06-12,1,8.41,2340.75,2310.0,-258703.18,-0.92,530.19,128.98,22.66,514.21,404.98,1375.43,825.26,412.63,35.0,0.0,0.02
2024-06-12,2,8.54,2318.84,2310.0,-75478.87,-0.92,536.64,139.81,11.66,607.21,463.02,1402.87,841.72,420.86,35.0,0.0,0.01
2024-06-13,2,8.48,2322.03,2320.5,-12953.43,-0.9,539.94,137.22,11.09,551.95,350.65,2486.17,1491.7,745.85,45.44,0.0,0.01
2024-06-13,3,8.45,2319.05,2310.0,-76476.77,-0.89,530.9,134.43,13.44,564.07,462.05,1678.12,1006.87,503.44,35.0,0.0,0.02
2024-06-13,1,8.36,2296.86,2310.0,109924.71,-0.9,535.15,130.26,22.11,592.42,471.54,1520.11,912.07,456.03,35.0,0.0,0.01
2024-06-14,3,8.47,2300.75,2310.0,78304.82,-0.92,531.36,135.24,19.48,490.75,424.53,1614.68,968.81,484.4,35.0,0.0,0.01
2024-06-14,2,8.25,2294.99,2310.0,123859.56,-0.93,540.71,133.01,12.48,462.16,451.59,1427.72,856.63,428.32,35.0,0.0,0.02
2024-06-14,1,8.46,2342.11,2310.0,-271568.36,-0.88,536.69,135.24,22.68,615.85,351.43,1671.18,1002.71,501.35,35.0,0.0,0.01
2024-06-15,1,8.42,2342.7,2342.98,2393.84,-0.93,531.21,136.96,24.68,578.2,387.19,2486.17,1491.7,745.85,45.44,377.2,0.01
2024-06-15,3,7.83,2291.82,2310.0,142362.07,-0.92,539.2,136.5,11.48,591.88,407.93,1581.45,948.87,474.44,35.0,300.0,0.02
2024-06-15,2,8.51,2317.59,2310.0,-64609.14,-0.93,532.25,135.3,13.03,475.98,432.13,1397.43,838.46,419.23,35.0,0.0,0.02
2024-06-16,1,8.44,2340.28,2310.0,-255605.36,-0.92,541.27,128.13,13.18,477.75,405.64,1465.89,879.53,439.77,35.0,0.0,0.01
2024-06-16,2,8.46,2322.94,2310.0,-109506.21,-0.9,538.93,132.83,16.11,462.51,431.35,1431.71,859.03,429.51,35.0,0.0,0.01
2024-06-16,3,8.19,2321.93,2310.0,-97641.32,-0.91,541.22,132.18,22.23,505.38,367.05,1396.44,837.86,418.93,35.0,0.0,0.01
2024-06-17,3,8.47,2318.86,2310.0,-74968.88,-0.9,534.18,129.11,14.31,550.26,457.09,1321.39,792.83,396.42,35.0,0.0,0.01
2024-06-17,1,7.96,2294.86,2310.0,120488.48,-0.93,530.49,137.19,24.64,503.16,410.39,1537.24,922.34,461.17,35.0,0.0,0.01
2024-06-17,2,7.82,2280.12,2310.0,233680.46,-0.91,541.87,135.48,17.6,591.67,432.81,1693.31,1015.99,507.99,35.0,0.0,0.01
2024-06-18,3,8.17,2322.05,2310.0,-98468.98,-0.92,537.05,139.98,22.95,586.04,380.74,1432.39,859.43,429.72,35.0,0.0,0.01
2024-06-18,2,8.4,2321.24,2310.0,-94455.95,-0.93,541.6,128.81,11.44,589.59,424.6,1538.67,923.2,461.6,35.0,0.0,0.02
2024-06-18,1,8.42,2343.11,2310.0,-278746.92,-0.94,530.49,136.39,12.65,574.54,358.3,1601.47,960.88,480.44,35.0,0.0,0.02
2024-06-19,3,8.39,2322.26,2310.0,-102827.11,-0.89,531.86,128.36,19.57,562.31,381.6,1510.38,906.23,453.11,35.0,0.0,0.01
2024-06-19,2,8.45,2320.29,2310.0,-86880.37,-0.89,536.62,137.91,22.12,527.24,424.83,1426.68,856.01,428.0,35.0,0.0,0.02
2024-06-19,1,8.4,2344.08,2310.0,-286291.07,-0.91,539.12,134.47,16.04,531.17,444.41,1637.94,982.76,491.38,35.0,0.0,0.01
2024-06-20,1,7.83,2351.11,2342.98,-63628.24,-0.88,533.9,131.1,11.93,583.87,437.54,2486.17,1491.7,745.85,45.44,0.0,0.01
2024-06-20,3,7.91,2293.27,2310.0,132261.54,-0.92,535.6,129.92,16.58,637.22,453.47,1574.68,944.81,472.4,35.0,0.0,0.01
2024-06-20,2,7.85,2328.71,2310.0,-146825.44,-0.89,538.81,139.08,14.91,614.92,438.93,1615.57,969.34,484.67,35.0,0.0,0.02
2024-06-21,3,6.2,2333.4,2310.0,-145153.92,-0.89,539.69,138.04,21.13,547.01,430.8,1521.42,912.85,456.43,35.0,0.0,0.01
2024-06-21,1,8.4,2343.09,2310.0,-278054.91,-0.94,535.0,129.47,17.35,566.81,470.63,1307.58,784.55,392.27,35.0,0.0,0.02
2024-06-21,2,8.25,2325.16,2310.0,-125013.29,-0.89,535.42,135.1,17.16,492.45,471.51,1508.16,904.89,452.45,35.0,0.0,0.02
2024-06-22,3,7.96,2325.76,2310.0,-125410.65,-0.88,535.57,136.58,16.27,472.39,465.23,1428.52,857.11,428.56,35.0,0.0,0.02
2024-06-22,2,8.47,2319.93,2310.0,-84122.96,-0.9,533.51,131.26,16.72,619.03,405.32,1485.87,891.52,445.76,35.0,0.0,0.01
2024-06-22,1,8.45,2344.83,2310.0,-294292.26,-0.93,530.81,128.79,18.39,455.43,375.48,1392.95,835.77,417.89,35.0,0.0,0.02
2024-06-23,2,8.25,2325.3,2310.0,-126190.42,-0.89,538.24,128.7,12.19,525.83,406.7,1432.63,859.58,429.79,35.0,0.0,0.02
2024-06-23,1,8.44,2344.2,2310.0,-288686.2,-0.92,530.96,137.07,10.57,553.69,453.38,1632.85,979.71,489.86,35.0,0.0,0.02
2024-06-23,3,8.03,2318.9,2310.0,-71474.2,-0.94,534.25,136.33,17.54,594.57,429.21,1420.58,852.35,426.17,35.0,0.0,0.01
2024-06-24,3,8.25,2320.76,2310.0,-88769.19,-0.9,531.08,135.01,15.56,452.77,447.57,1317.44,790.46,395.23,35.0,0.0,0.01
2024-06-24,2,8.45,2339.54,2310.0,-249592.52,-0.89,530.43,131.51,16.49,606.06,395.55,1686.18,1011.71,505.85,35.0,0.0,0.01
2024-06-24,1,8.49,2341.12,2310.0,-264244.22,-0.92,536.51,132.37,14.43,580.86,446.03,1633.52,980.11,490.06,35.0,0.0,0.01
2024-06-25,1,8.51,2343.93,2310.0,-288746.67,-0.92,531.0,137.06,11.72,586.34,422.33,1579.47,947.68,473.84,35.0,0.0,0.02
2024-06-25,2,8.43,2321.23,2310.0,-94641.01,-0.91,535.13,135.2,11.25,466.27,418.13,1359.55,815.73,407.87,35.0,0.0,0.02
2024-06-25,3,8.19,2323.5,2310.0,-110601.32,-0.93,540.01,130.91,21.89,558.36,465.64,1525.91,915.54,457.77,35.0,0.0,0.02
2024-06-26,2,8.27,2308.95,2310.0,8699.77,-0.91,539.46,135.14,11.0,470.17,351.7,1473.92,884.35,442.17,35.0,0.0,0.01
2024-06-26,1,8.4,2344.33,2310.0,-288435.78,-0.93,530.31,133.89,16.0,645.13,439.64,1557.1,934.26,467.13,35.0,0.0,0.02
2024-06-26,3,7.99,2314.46,2310.0,-35594.59,-0.93,532.01,136.37,14.77,495.42,439.37,1566.57,939.94,469.97,35.0,0.0,0.02
2024-06-27,1,7.84,2317.2,2310.0,-56429.97,-0.93,534.11,133.17,12.42,547.68,394.05,1556.24,933.75,466.87,35.0,0.0,0.01
2024-06-27,3,8.11,2344.31,2310.0,-278375.81,-0.88,541.17,135.28,12.65,482.3,445.64,1633.43,980.06,490.03,35.0,0.0,0.02
2024-06-27,2,8.08,2282.27,2310.0,224022.98,-0.91,530.04,135.58,11.47,538.58,369.79,1451.96,871.18,435.59,35.0,0.0,0.02
2024-06-28,3,7.81,2331.19,2310.0,-165542.64,-0.92,535.93,128.41,10.31,568.34,399.26,1436.85,862.11,431.06,35.0,0.0,0.01
2024-06-28,1,8.15,2347.58,2310.0,-306196.84,-0.88,537.37,132.25,12.32,458.21,364.96,1620.0,972.0,486.0,35.0,0.0,0.01
2024-06-28,2,5.97,2344.43,2310.0,-205619.95,-0.89,537.65,133.91,23.41,644.15,473.86,1430.74,858.45,429.22,35.0,0.0,0.01
2024-06-29,2,8.25,2321.91,2310.0,-98242.6,-0.93,539.92,136.63,16.92,519.13,431.02,1630.19,978.12,489.06,35.0,0.0,0.02
2024-06-29,3,7.53,2336.2,2310.0,-197164.49,-0.9,539.44,137.73,10.48,529.81,444.71,1397.05,838.23,419.11,35.0,0.0,0.02
2024-06-29,1,7.99,2283.21,2310.0,214116.24,-0.92,533.03,135.85,22.92,615.74,446.77,1697.29,1018.37,509.19,35.0,0.0,0.02
2024-06-30,3,7.5,2329.86,2310.0,-148876.02,-0.9,539.6,134.2,14.52,594.05,404.1,1406.75,844.05,422.03,35.0,0.0,0.01
2024-06-30,1,7.91,2348.78,2310.0,-306725.75,-0.92,532.36,139.1,18.76,556.16,389.25,1390.58,834.35,417.17,35.0,0.0,0.02
2024-06-30,2,0.66,2603.75,2310.0,-193374.19,-0.91,538.57,139.42,11.0,460.27,435.39,1586.12,951.67,475.84,35.0,0.0,0.02
2024-07-01,3,8.19,2311.83,2310.0,-15021.85,-0.91,531.51,135.36,10.64,646.04,351.06,1649.98,989.99,494.99,35.0,300.0,0.01
2024-07-01,2,8.36,2300.21,2310.0,81797.09,-0.92,539.44,135.23,24.32,507.68,476.51,1609.52,965.71,482.86,35.0,300.0,0.02
2024-07-01,1,8.14,2349.54,2310.0,-321732.0,-0.92,534.37,131.14,22.74,551.58,468.9,1430.16,858.1,429.05,35.0,0.0,0.01
2024-07-02,1,8.16,2333.25,2310.0,-189811.15,-0.88,534.9,131.7,11.6,469.18,407.18,1522.87,913.72,456.86,35.0,0.0,0.02
2024-07-02,2,8.02,2316.31,2310.0,-50613.78,-0.94,530.13,129.19,10.39,507.89,461.4,1322.33,793.4,396.7,35.0,0.0,0.02
2024-07-02,3,8.25,2305.47,2310.0,37370.55,-0.89,539.56,132.46,23.01,537.75,375.51,1345.68,807.41,403.7,35.0,0.0,0.01
2024-07-03,1,8.05,2331.72,2310.0,-174845.57,-0.91,533.91,135.89,17.96,519.83,367.57,1571.16,942.7,471.35,35.0,0.0,0.02
2024-07-03,3,8.37,2320.31,2310.0,-86333.01,-0.9,538.98,136.41,17.44,455.69,424.0,1389.81,833.89,416.94,35.0,0.0,0.01
2024-07-03,2,8.11,2326.07,2310.0,-130277.7,-0.89,536.83,133.52,16.32,523.79,475.72,1534.16,920.5,460.25,35.0,0.0,0.01
2024-07-04,3,8.2,2324.08,2310.0,-115501.07,-0.92,536.07,132.93,17.09,541.22,389.82,1362.1,817.26,408.63,35.0,0.0,0.02
2024-07-04,2,8.25,2296.57,2310.0,110825.2,-0.89,539.39,131.26,18.85,643.82,474.07,1531.0,918.6,459.3,35.0,0.0,0.01
2024-07-04,1,7.53,2355.0,2310.0,-338943.0,-0.9,537.75,139.09,22.41,635.76,395.71,1406.88,844.13,422.07,35.0,0.0,0.01
2024-07-05,3,8.22,2294.52,2310.0,127192.83,-0.9,533.48,132.49,18.22,535.49,418.04,1657.92,994.75,497.38,35.0,0.0,0.01
2024-07-05,2,7.93,2314.97,2310.0,-39375.77,-0.88,536.3,129.47,14.66,524.11,418.12,1411.01,846.6,423.3,35.0,0.0,0.01
2024-07-05,1,8.28,2345.76,0.0,-19422857.7,-0.94,538.72,137.98,12.53,587.46,457.02,2486.17,1491.7,745.85,45.44,0.0,0.02
2024-07-06,1,0.97,2561.77,0.0,-2495160.3,-0.92,533.38,129.24,10.53,563.69,350.41,2486.17,1491.7,745.85,45.44,0.0,0.02
2024-07-06,2,7.59,2332.07,2310.0,-167427.2,-0.91,531.72,135.35,10.9,499.54,413.13,1366.2,819.72,409.86,35.0,0.0,0.01
2024-07-06,3,8.14,2326.01,2321.69,-35133.84,-0.94,531.35,136.75,18.16,601.31,364.12,2486.17,1491.7,745.85,45.44,0.0,0.02
2024-07-07,1,0.0,0.0,0.0,0.0,-0.94,538.44,137.36,18.28,501.47,411.46,2486.17,1491.7,745.85,45.44,0.0,0.01
2024-07-07,3,7.97,2328.09,2321.69,-50993.58,-0.92,531.16,128.0,16.71,457.94,463.69,2486.17,1491.7,745.85,45.44,0.0,0.01
2024-07-07,2,7.3,2335.51,2320.91,-106566.85,-0.89,536.49,129.42,15.35,588.7,438.03,2486.17,1491.7,745.85,45.44,0.0,0.01
2024-07-08,1,8.05,2280.73,2310.0,235615.97,-0.9,535.04,132.19,20.53,639.79,453.06,1452.61,871.57,435.78,35.0,0.0,0.02
2024-07-08,3,8.39,2321.61,2310.0,-97379.16,-0.89,532.25,136.41,15.69,638.29,367.93,1643.62,986.17,493.09,35.0,0.0,0.01
2024-07-08,2,8.51,2324.18,2310.0,-120716.07,-0.88,537.24,134.87,16.44,490.5,373.55,1356.83,814.1,407.05,35.0,0.0,0.02
2024-07-09,2,8.51,2322.77,2320.91,-15809.85,-0.9,537.18,134.48,16.87,585.41,435.97,2486.17,1491.7,745.85,45.44,0.0,0.01
2024-07-09,3,8.4,2320.64,2321.69,8784.91,-0.93,533.57,138.21,21.39,604.45,387.62,2486.17,1491.7,745.85,45.44,0.0,0.02
2024-07-09,1,7.97,2311.28,2310.0,-10182.2,-0.91,530.84,136.99,21.85,506.29,431.54,1403.44,842.07,421.03,35.0,0.0,0.02
2024-07-10,1,0.0,0.0,2310.0,0.0,-0.89,531.37,133.68,11.42,529.77,350.69,1637.94,982.76,491.38,35.0,0.0,0.02
2024-07-10,2,8.49,2321.01,2320.91,-854.51,-0.91,538.92,134.79,20.64,573.55,393.02,2486.17,1491.7,745.85,45.44,0.0,0.02
2024-07-10,3,8.21,2289.67,2310.0,166946.65,-0.93,537.53,128.35,20.49,515.11,371.62,1594.57,956.74,478.37,35.0,0.0,0.02
2024-07-11,1,0.0,0.0,2310.0,0.0,-0.92,536.23,131.07,14.96,511.38,423.26,1325.36,795.22,397.61,35.0,0.0,0.02
2024-07-11,3,7.81,2297.68,2310.0,96185.87,-0.9,530.98,135.77,10.8,485.87,479.7,1573.25,943.95,471.98,35.0,0.0,0.02
2024-07-11,2,8.29,2304.71,2310.0,43812.42,-0.94,530.71,133.33,14.51,635.01,417.26,1315.46,789.28,394.64,35.0,0.0,0.01
2024-07-12,3,8.14,2324.58,2310.0,-118707.91,-0.9,535.01,131.31,18.34,579.79,364.07,1372.58,823.55,411.77,35.0,0.0,0.02
2024-07-12,2,8.27,2321.1,2310.0,-91812.54,-0.88,533.0,128.02,11.28,603.84,352.03,1600.37,960.22,480.11,35.0,0.0,0.01
2024-07-12,1,7.95,2298.01,2310.0,95304.08,-0.92,531.69,138.03,13.32,491.49,350.24,1311.46,786.88,393.44,35.0,0.0,0.01
2024-07-13,3,8.22,2323.08,2310.0,-107525.43,-0.89,541.81,137.38,17.49,599.02,442.39,1459.45,875.67,437.84,35.0,0.0,0.02
2024-07-13,2,8.46,2322.28,2310.0,-103847.44,-0.92,538.72,138.67,10.98,560.82,459.1,1393.16,835.89,417.95,35.0,0.0,0.01
2024-07-13,1,0.0,0.0,2310.0,0.0,-0.92,538.22,137.77,20.8,478.46,382.9,1627.34,976.4,488.2,35.0,0.0,0.01
2024-07-14,2,8.47,2321.67,2320.91,-6391.61,-0.88,536.99,139.85,15.29,611.22,436.7,2486.17,1491.7,745.85,45.44,0.0,0.01
2024-07-14,1,8.24,2307.54,2310.0,20307.97,-0.93,538.76,137.88,10.58,480.92,365.14,1438.52,863.11,431.56,35.0,0.0,0.02
2024-07-14,3,8.46,2307.3,2310.0,22854.04,-0.88,532.93,138.41,17.44,607.59,397.9,1437.7,862.62,431.31,35.0,0.0,0.02
2024-07-15,1,8.45,2325.68,2310.0,-132467.91,-0.9,530.19,139.02,10.71,571.99,428.11,1348.57,809.14,404.57,35.0,300.0,0.02
2024-07-15,3,8.37,2319.84,2310.0,-82324.08,-0.89,534.19,128.36,13.56,514.93,365.84,1429.23,857.54,428.77,35.0,0.0,0.02
2024-07-15,2,8.46,2321.44,2310.0,-96728.45,-0.93,536.14,128.53,13.91,607.5,382.81,1478.26,886.95,443.48,35.0,0.0,0.01
2024-07-16,2,8.48,2320.36,2310.0,-87869.21,-0.9,536.44,134.84,15.91,595.51,371.8,1554.34,932.6,466.3,35.0,0.0,0.01
2024-07-16,1,0.0,0.0,2310.0,0.0,-0.93,540.68,137.56,23.21,605.17,357.44,1537.28,922.37,461.18,35.0,0.0,0.02
2024-07-16,3,8.36,2321.25,2321.69,3685.78,-0.91,531.38,131.92,11.23,504.28,423.51,2486.17,1491.7,745.85,45.44,0.0,0.01
2024-07-17,3,8.36,2323.65,2310.0,-114192.49,-0.91,537.4,131.05,10.95,530.74,374.33,1417.63,850.58,425.29,35.0,0.0,0.01
2024-07-17,2,8.49,2319.42,2310.0,-79961.53,-0.89,539.87,134.95,12.39,564.82,352.9,1562.65,937.59,468.8,35.0,0.0,0.01
2024-07-17,1,0.0,0.0,2310.0,0.0,-0.94,535.75,134.0,13.67,563.15,477.66,1415.07,849.04,424.52,35.0,0.0,0.01
2024-07-18,1,0.0,0.0,2310.0,0.0,-0.93,530.84,138.0,23.48,637.34,435.09,1442.0,865.2,432.6,35.0,0.0,0.01
2024-07-18,3,8.29,2322.66,2310.0,-105027.63,-0.92,537.95,136.66,13.13,579.19,479.44,1611.59,966.96,483.48,35.0,0.0,0.02
2024-07-18,2,8.42,2307.72,2310.0,19180.56,-0.93,530.85,131.38,24.81,529.31,456.48,1443.47,866.08,433.04,35.0,0.0,0.02
2024-07-19,1,0.0,0.0,2310.0,0.0,-0.9,532.98,136.38,15.89,607.02,442.64,1436.45,861.87,430.94,35.0,0.0,0.02
2024-07-19,3,8.16,2321.25,2310.0,-91800.69,-0.94,533.16,132.18,14.54,488.43,384.64,1536.67,922.0,461.0,35.0,0.0,0.02
2024-07-19,2,8.3,2280.45,2310.0,245407.05,-0.92,534.2,131.71,19.13,603.17,468.66,1427.61,856.56,428.28,35.0,0.0,0.01
2024-07-20,1,8.48,2288.03,2310.0,186317.1,-0.93,532.79,137.53,10.17,620.88,389.36,1355.74,813.44,406.72,35.0,0.0,0.01
2024-07-20,2,8.45,2320.75,2310.0,-90793.17,-0.92,533.47,135.14,22.71,580.23,451.7,1571.96,943.17,471.59,35.0,0.0,0.02
2024-07-20,3,8.41,2320.96,2310.0,-92201.18,-0.93,532.76,136.94,24.55,468.51,384.22,1496.97,898.18,449.09,35.0,0.0,0.01
2024-07-21,3,8.15,2326.72,2321.69,-41003.35,-0.94,537.29,136.76,10.06,485.13,396.01,2486.17,1491.7,745.85,45.44,0.0,0.01
2024-07-21,2,8.45,2320.32,2320.91,5033.61,-0.94,535.32,134.0,11.7,475.46,432.45,2486.17,1491.7,745.85,45.44,0.0,0.01
2024-07-21,1,8.2,2319.17,2310.0,-75168.53,-0.92,539.19,131.36,15.69,524.59,360.57,1564.71,938.83,469.41,35.0,0.0,0.02
2024-07-22,1,8.49,2346.09,2310.0,-306524.26,-0.92,531.01,132.81,17.81,541.56,363.85,1307.6,784.56,392.28,35.0,0.0,0.02
2024-07-22,3,8.39,2321.87,2310.0,-99602.8,-0.88,539.44,129.46,12.02,492.71,354.51,1465.44,879.26,439.63,35.0,0.0,0.01
2024-07-22,2,8.45,2319.88,2310.0,-83513.16,-0.9,531.77,132.67,17.14,524.58,438.52,1341.31,804.78,402.39,35.0,0.0,0.01
2024-07-23,2,8.46,2317.71,2320.91,27092.05,-0.91,536.15,133.32,14.5,517.26,422.57,2486.17,1491.7,745.85,45.44,0.0,0.02
2024-07-23,1,7.87,2334.21,2310.0,-190457.62,-0.91,532.33,137.77,13.21,486.46,430.31,1483.62,890.17,445.09,35.0,0.0,0.02
2024-07-23,3,8.07,2310.68,2310.0,-5486.09,-0.88,538.09,128.03,22.3,637.58,367.6,1634.68,980.81,490.4,35.0,0.0,0.01
2024-07-24,3,8.44,2320.74,2310.0,-90597.05,-0.9,534.76,132.67,24.38,459.45,425.32,1450.17,870.1,435.05,35.0,0.0,0.01
2024-07-24,2,8.46,2319.18,2310.0,-77687.94,-0.92,536.77,128.22,15.22,522.84,368.34,1646.56,987.94,493.97,35.0,0.0,0.01
2024-07-24,1,0.0,0.0,2310.0,0.0,-0.91,539.21,134.33,10.52,613.67,470.99,1483.55,890.13,445.06,35.0,0.0,0.02
2024-07-25,3,7.91,2334.51,2310.0,-193970.92,-0.9,538.46,133.71,16.89,508.28,371.19,1500.18,900.11,450.05,35.0,0.0,0.02
2024-07-25,2,8.48,2285.79,2310.0,205398.24,-0.88,533.48,135.88,10.36,592.97,469.08,1443.15,865.89,432.95,35.0,0.0,0.02
2024-07-25,1,0.0,0.0,0.0,0.0,-0.9,541.41,139.56,18.09,501.42,408.55,2486.17,1491.7,745.85,45.44,0.0,0.02
2024-07-26,3,8.28,2334.32,2310.0,-201312.13,-0.9,539.27,139.33,14.37,495.08,424.59,1308.64,785.18,392.59,35.0,0.0,0.01
2024-07-26,2,8.45,2321.43,2320.91,-4372.07,-0.9,537.61,134.5,16.16,452.97,366.2,2486.17,1491.7,745.85,45.44,0.0,0.02
2024-07-26,1,8.25,2288.47,2310.0,177497.52,-0.92,535.89,129.42,20.17,509.28,357.23,1309.79,785.87,392.94,35.0,0.0,0.02
2024-07-27,1,8.37,2331.24,2310.0,-177839.43,-0.94,536.6,133.32,13.76,647.36,366.85,1304.84,782.91,391.45,35.0,0.0,0.01
2024-07-27,2,5.74,2349.53,2310.0,-226755.95,-0.91,533.99,138.71,12.31,505.35,372.58,1472.47,883.48,441.74,35.0,0.0,0.02
2024-07-27,3,7.97,2328.96,2310.0,-151023.22,-0.92,539.04,128.01,22.21,578.87,350.71,1473.77,884.26,442.13,35.0,0.0,0.02
2024-07-28,3,8.07,2336.88,2310.0,-216889.0,-0.89,538.48,130.04,13.71,516.88,351.42,1614.16,968.49,484.25,35.0,0.0,0.01
2024-07-28,1,8.37,2341.22,2310.0,-261452.04,-0.93,539.87,135.52,10.47,481.93,464.06,1569.41,941.65,470.82,35.0,0.0,0.01
2024-07-28,2,8.19,2287.95,2310.0,180694.23,-0.92,537.92,131.94,21.43,631.78,411.67,1322.21,793.33,396.66,35.0,0.0,0.02
2024-07-29,1,0.0,0.0,2310.0,0.0,-0.89,535.75,139.67,11.74,649.88,366.28,1380.49,828.3,414.15,35.0,0.0,0.01
2024-07-29,2,8.29,2334.52,2310.0,-203345.86,-0.91,533.44,128.12,15.71,491.6,435.11,1673.01,1003.8,501.9,35.0,0.0,0.02
2024-07-29,3,8.42,2321.69,2310.0,-98411.57,-0.92,535.84,129.54,14.1,578.77,425.87,1362.3,817.38,408.69,35.0,0.0,0.02
2024-07-30,2,8.48,2318.01,2310.0,-67905.38,-0.93,538.34,131.97,19.84,511.13,452.08,1569.79,941.87,470.94,35.0,0.0,0.02
2024-07-30,3,8.44,2318.91,2310.0,-75256.55,-0.89,535.12,129.08,13.58,510.25,402.11,1588.7,953.22,476.61,35.0,0.0,0.01
2024-07-30,1,0.0,0.0,2310.0,0.0,-0.89,536.55,133.76,21.83,465.36,352.16,1372.47,823.48,411.74,35.0,0.0,0.02
2024-07-31,2,8.47,2320.55,2320.91,3095.53,-0.88,536.2,138.78,18.1,512.76,448.73,2486.17,1491.7,745.85,45.44,0.0,0.01
2024-07-31,3,8.42,2320.83,2310.0,-91254.06,-0.9,530.23,136.34,11.72,598.3,394.82,1385.36,831.22,415.61,35.0,0.0,0.02
2024-07-31,1,8.45,2338.99,2310.0,-245031.66,-0.91,540.35,134.58,14.94,647.46,350.06,1347.76,808.66,404.33,35.0,0.0,0.01
2024-08-01,2,8.21,2319.4,2310.0,-77125.21,-0.91,539.65,132.49,21.47,614.49,355.4,1504.36,902.62,451.31,35.0,300.0,0.02
2024-08-01,1,0.0,0.0,2310.0,0.0,-0.93,535.01,137.22,11.97,477.59,478.81,1467.56,880.54,440.27,35.0,0.0,0.02
2024-08-01,3,7.13,2334.58,2310.0,-175336.27,-0.94,541.13,132.97,16.29,619.86,382.54,1469.82,881.89,440.95,35.0,0.0,0.01
2024-08-02,3,7.57,2328.72,2310.0,-141644.94,-0.93,531.3,130.9,11.41,543.76,380.95,1635.97,981.58,490.79,35.0,0.0,0.02
2024-08-02,2,7.83,2324.86,2322.56,-18017.95,-0.93,534.07,133.59,20.85,640.12,351.83,2486.17,1491.7,745.85,45.44,0.0,0.02
2024-08-02,1,0.0,0.0,2310.0,0.0,-0.89,531.13,132.1,18.91,640.98,389.18,1666.57,999.94,499.97,35.0,0.0,0.02
2024-08-03,1,0.0,0.0,2310.0,0.0,-0.89,536.98,129.82,24.85,480.34,400.63,1455.03,873.02,436.51,35.0,0.0,0.02
2024-08-03,2,7.85,2291.68,2310.0,143776.95,-0.89,538.59,135.65,19.88,525.96,462.68,1358.0,814.8,407.4,35.0,0.0,0.01
2024-08-03,3,7.25,2332.19,2310.0,-160986.37,-0.92,536.79,135.07,16.49,468.47,440.7,1547.41,928.45,464.22,35.0,0.0,0.02
2024-08-04,3,7.24,2333.15,2310.0,-167618.59,-0.92,537.62,138.54,15.59,641.46,403.18,1431.38,858.83,429.41,35.0,0.0,0.01
2024-08-04,2,7.86,2326.06,2310.0,-126305.28,-0.93,541.64,132.28,18.04,523.44,474.32,1672.26,1003.35,501.68,35.0,0.0,0.02
2024-08-04,1,8.44,2298.85,2310.0,94193.85,-0.9,536.63,138.67,21.3,506.49,437.3,1442.69,865.61,432.81,35.0,0.0,0.01
2024-08-05,2,8.46,2318.08,2310.0,-68392.8,-0.91,538.09,134.96,16.46,542.91,440.1,1637.49,982.49,491.25,35.0,0.0,0.01
2024-08-05,3,7.46,2334.26,2310.0,-180935.08,-0.92,531.42,130.3,24.82,609.36,401.87,1423.65,854.19,427.1,35.0,0.0,0.02
2024-08-05,1,0.0,0.0,2310.0,0.0,-0.9,540.44,134.72,10.17,608.71,356.43,1669.32,1001.59,500.8,35.0,0.0,0.01
2024-08-06,2,8.29,2322.56,2310.0,-104069.0,-0.94,537.05,131.28,14.6,639.87,416.65,1389.46,833.68,416.84,35.0,0.0,0.02
2024-08-06,3,7.9,2327.76,2310.0,-140252.1,-0.9,536.39,129.98,20.95,554.95,429.93,1436.56,861.94,430.97,35.0,0.0,0.01
2024-08-06,1,0.0,0.0,2310.0,0.0,-0.92,535.6,138.95,10.89,557.72,368.65,1553.83,932.3,466.15,35.0,0.0,0.02
2024-08-07,3,8.02,2346.72,2310.0,-294636.99,-0.92,533.87,137.7,21.6,487.13,469.94,1375.97,825.58,412.79,35.0,0.0,0.01
2024-08-07,2,7.97,2289.07,2310.0,166738.99,-0.92,534.32,130.99,19.61,498.38,471.07,1462.4,877.44,438.72,35.0,0.0,0.01
2024-08-07,1,0.0,0.0,2310.0,0.0,-0.9,532.52,137.79,13.47,592.55,403.43,1681.93,1009.16,504.58,35.0,0.0,0.02
2024-08-08,2,8.21,2326.68,2310.0,-136991.71,-0.94,535.15,138.42,10.55,576.05,472.85,1688.92,1013.35,506.68,35.0,0.0,0.02
2024-08-08,3,8.4,2321.84,2310.0,-99528.41,-0.92,537.71,131.0,11.9,629.35,392.08,1643.49,986.09,493.05,35.0,0.0,0.01
2024-08-08,1,7.96,2325.1,2310.0,-120140.9,-0.91,540.6,136.11,22.52,630.77,418.89,1627.39,976.43,488.22,35.0,0.0,0.02
2024-08-09,1,0.0,0.0,2310.0,0.0,-0.88,535.85,139.23,16.07,556.62,390.91,1330.02,798.01,399.0,35.0,0.0,0.02
2024-08-09,2,8.43,2322.05,2310.0,-101603.55,-0.93,538.11,134.45,16.99,563.41,422.51,1414.23,848.54,424.27,35.0,0.0,0.01
2024-08-09,3,8.23,2324.6,2310.0,-120077.94,-0.91,534.64,136.89,19.51,641.16,475.36,1365.56,819.34,409.67,35.0,0.0,0.02
2024-08-10,2,8.56,2320.51,2310.0,-89909.79,-0.92,538.98,137.15,24.11,582.18,383.67,1692.2,1015.32,507.66,35.0,0.0,0.01
2024-08-10,3,7.87,2327.14,2310.0,-134847.61,-0.92,540.85,135.92,17.05,642.34,458.27,1577.37,946.42,473.21,35.0,0.0,0.02
2024-08-10,1,8.39,2329.11,2310.0,-160326.53,-0.9,541.92,133.27,12.82,463.28,431.13,1473.31,883.99,441.99,35.0,0.0,0.02
2024-08-11,2,7.87,2329.37,2310.0,-152499.11,-0.89,540.53,131.14,22.78,611.01,403.21,1592.51,955.51,477.75,35.0,0.0,0.01
2024-08-11,1,4.05,2358.81,2302.99,-225892.06,-0.89,541.46,129.94,24.55,644.75,368.3,2486.17,1491.7,745.85,45.44,0.0,0.01
2024-08-11,3,8.3,2284.73,2310.0,209578.26,-0.9,534.95,132.7,16.63,523.8,408.0,1319.64,791.79,395.89,35.0,0.0,0.02
2024-08-12,3,8.27,2339.45,2310.0,-243637.95,-0.89,532.97,135.23,10.5,516.77,394.95,1645.42,987.25,493.63,35.0,0.0,0.02
2024-08-12,2,7.92,2347.58,2310.0,-297621.14,-0.91,532.93,136.48,15.67,636.68,406.63,1426.93,856.16,428.08,35.0,0.0,0.01
2024-08-12,1,2.78,2340.91,2302.99,-105265.08,-0.89,537.64,133.42,21.82,506.09,449.33,2486.17,1491.7,745.85,45.44,0.0,0.02
2024-08-13,1,0.0,0.0,2302.99,0.0,-0.91,530.71,129.38,12.18,484.34,350.12,2486.17,1491.7,745.85,45.44,0.0,0.01
2024-08-13,2,7.93,2348.43,2310.0,-304640.11,-0.93,534.23,133.68,12.43,539.76,408.07,1636.37,981.82,490.91,35.0,0.0,0.01
2024-08-13,3,8.0,2325.77,2310.0,-126109.07,-0.9,530.04,130.69,12.45,604.72,419.83,1583.46,950.07,475.04,35.0,0.0,0.02
2024-08-14,1,0.0,0.0,2302.99,0.0,-0.89,531.37,132.65,21.74,575.78,455.29,2486.17,1491.7,745.85,45.44,574.58,0.01
2024-08-14,2,8.47,2321.53,2322.56,8680.74,-0.92,534.61,135.92,24.06,473.59,409.83,2486.17,1491.7,745.85,45.44,421.28,0.01
2024-08-14,3,8.33,2289.37,2310.0,171790.82,-0.93,536.31,134.93,24.51,571.21,423.3,1615.35,969.21,484.61,35.0,0.0,0.01
2024-08-15,1,4.33,2330.34,2310.0,-88008.97,-0.94,531.82,136.69,22.34,455.78,468.12,1632.26,979.36,489.68,35.0,0.0,0.01
2024-08-15,3,8.13,2301.96,2310.0,65295.45,-0.93,539.01,138.39,16.3,497.56,395.93,1544.13,926.48,463.24,35.0,300.0,0.01
2024-08-15,2,7.93,2338.12,2310.0,-223124.77,-0.92,540.44,139.37,19.24,570.52,476.61,1446.1,867.66,433.83,35.0,300.0,0.01
2024-08-16,3,8.27,2322.74,2310.0,-105373.09,-0.91,530.33,133.54,21.95,490.62,472.22,1467.51,880.5,440.25,35.0,0.0,0.02
2024-08-16,1,8.3,2281.39,2310.0,237439.97,-0.89,535.4,130.76,14.89,620.12,352.76,1461.98,877.19,438.59,35.0,0.0,0.01
2024-08-16,2,8.51,2319.35,2310.0,-79594.62,-0.93,535.01,136.48,24.67,578.9,412.56,1618.65,971.19,485.6,35.0,0.0,0.01
2024-08-17,3,8.37,2321.47,2310.0,-95986.27,-0.89,535.05,132.09,16.83,639.54,470.11,1671.81,1003.08,501.54,35.0,0.0,0.02
2024-08-17,1,8.03,2317.63,2310.0,-61279.69,-0.91,536.33,137.73,19.76,516.92,439.38,1421.11,852.66,426.33,35.0,0.0,0.01
2024-08-17,2,7.97,2348.3,2310.0,-305161.74,-0.91,536.57,130.69,24.01,557.59,353.94,1567.63,940.58,470.29,35.0,0.0,0.02
2024-08-18,1,7.83,2315.57,2310.0,-43600.8,-0.92,539.34,132.38,13.53,506.84,447.01,1333.16,799.89,399.95,35.0,0.0,0.01
2024-08-18,3,7.4,2329.98,2310.0,-147762.1,-0.89,530.45,138.2,16.03,633.9,414.64,1662.45,997.47,498.73,35.0,0.0,0.02
2024-08-18,2,7.65,2326.06,2310.0,-122909.92,-0.91,530.2,133.63,13.36,454.74,430.83,1407.4,844.44,422.22,35.0,0.0,0.01
2024-08-19,2,8.08,2326.08,2310.0,-129897.25,-0.91,536.23,131.42,19.32,547.48,379.22,1661.2,996.72,498.36,35.0,0.0,0.02
2024-08-19,1,8.24,2306.63,2310.0,27744.68,-0.89,532.23,135.07,18.8,598.77,458.01,1536.17,921.7,460.85,35.0,0.0,0.01
2024-08-19,3,8.05,2323.59,2310.0,-109343.94,-0.94,536.74,135.98,15.13,606.4,479.61,1513.99,908.39,454.2,35.0,0.0,0.01
2024-08-20,3,7.69,2327.84,2310.0,-137235.76,-0.88,536.73,128.13,16.95,628.03,459.93,1490.42,894.25,447.13,35.0,0.0,0.01
2024-08-20,2,7.5,2329.62,2310.0,-147049.29,-0.93,538.44,134.51,20.02,507.69,371.22,1521.6,912.96,456.48,35.0,0.0,0.02
2024-08-20,1,7.82,2309.27,2310.0,5689.93,-0.89,540.6,137.46,10.77,505.68,372.22,1664.86,998.91,499.46,35.0,0.0,0.02
2024-08-21,2,8.43,2341.05,2310.0,-261657.77,-0.94,536.13,134.12,22.52,464.76,428.53,1447.73,868.64,434.32,35.0,0.0,0.02
2024-08-21,3,7.81,2325.55,2327.14,12390.87,-0.92,530.8,138.46,22.05,640.19,389.48,2486.17,1491.7,745.85,45.44,0.0,0.01
2024-08-21,1,8.15,2315.3,2310.0,-43208.94,-0.92,530.97,138.0,11.47,495.67,432.84,1352.77,811.66,405.83,35.0,0.0,0.01
2024-08-22,1,8.2,2337.3,2310.0,-223817.75,-0.92,540.57,132.2,12.6,561.87,360.98,1634.23,980.54,490.27,35.0,0.0,0.02
2024-08-22,3,8.05,2321.76,2310.0,-94641.93,-0.93,536.44,128.18,13.3,484.15,449.86,1346.21,807.73,403.86,35.0,0.0,0.01
2024-08-22,2,8.45,2317.37,2310.0,-62307.88,-0.88,534.54,139.02,20.55,581.14,433.33,1625.21,975.12,487.56,35.0,0.0,0.02
2024-08-23,2,8.18,2320.78,2310.0,-88196.75,-0.91,532.78,128.84,14.23,624.3,450.54,1691.0,1014.6,507.3,35.0,0.0,0.01
2024-08-23,1,8.38,2302.99,2310.0,58744.83,-0.9,537.11,138.13,18.53,551.88,472.8,1313.96,788.38,394.19,35.0,0.0,0.01
2024-08-23,3,7.93,2324.62,2327.14,19955.75,-0.93,535.83,134.79,20.61,556.84,477.2,2486.17,1491.7,745.85,45.44,0.0,0.01
2024-08-24,3,7.77,2329.35,2310.0,-150296.8,-0.89,535.68,135.95,12.28,588.94,383.81,1454.86,872.92,436.46,35.0,0.0,0.02
2024-08-24,1,8.29,2305.55,2310.0,36892.71,-0.9,537.61,138.49,14.04,577.64,363.2,1354.17,812.5,406.25,35.0,0.0,0.01
2024-08-24,2,8.03,2326.96,2310.0,-136259.96,-0.93,535.68,129.06,12.92,584.75,393.05,1306.18,783.71,391.85,35.0,0.0,0.01
2024-08-25,1,8.46,2311.54,2310.0,-13077.26,-0.88,534.46,136.89,14.94,603.5,476.96,1420.67,852.4,426.2,35.0,0.0,0.01
2024-08-25,2,8.06,2319.7,2310.0,-78164.57,-0.89,535.76,133.83,17.77,489.98,457.3,1448.3,868.98,434.49,35.0,0.0,0.01
2024-08-25,3,6.75,2338.64,2310.0,-193178.55,-0.91,539.8,134.21,23.98,585.81,461.43,1430.7,858.42,429.21,35.0,0.0,0.01
2024-08-26,1,8.09,2306.62,2310.0,27306.71,-0.9,530.59,130.72,13.67,639.38,356.94,1514.25,908.55,454.28,35.0,0.0,0.01
2024-08-26,3,6.86,2337.28,2310.0,-187191.75,-0.9,534.52,133.9,22.78,560.4,428.49,1300.29,780.17,390.09,35.0,0.0,0.02
2024-08-26,2,8.28,2337.85,2310.0,-230555.22,-0.94,539.56,131.64,14.09,629.54,387.28,1672.11,1003.26,501.63,35.0,0.0,0.02
2024-08-27,2,7.09,2334.04,2310.0,-170462.27,-0.92,540.38,134.08,10.01,562.64,418.72,1391.77,835.06,417.53,35.0,0.0,0.01
2024-08-27,3,7.83,2337.33,2310.0,-213922.05,-0.9,534.8,131.93,22.36,491.21,454.84,1697.69,1018.61,509.31,35.0,0.0,0.02
2024-08-27,1,7.01,2320.43,2310.0,-73157.62,-0.89,533.76,137.25,12.52,482.62,359.74,1498.97,899.38,449.69,35.0,0.0,0.02
2024-08-28,1,7.9,2337.22,2310.0,-215029.39,-0.92,537.03,136.9,23.73,466.52,425.63,1308.86,785.32,392.66,35.0,0.0,0.01
2024-08-28,3,6.75,2339.34,2310.0,-197955.83,-0.92,539.79,136.04,17.29,604.99,410.34,1348.18,808.91,404.45,35.0,0.0,0.02
2024-08-28,2,7.71,2327.95,2310.0,-138364.63,-0.91,536.44,130.25,22.51,603.3,436.23,1325.23,795.14,397.57,35.0,0.0,0.01
2024-08-29,3,7.25,2331.48,2310.0,-155800.18,-0.89,535.95,135.7,22.13,468.27,412.86,1495.91,897.54,448.77,35.0,0.0,0.02
2024-08-29,2,7.28,2329.52,2310.0,-142018.58,-0.93,539.31,138.05,19.84,639.99,438.77,1362.23,817.34,408.67,35.0,0.0,0.02
2024-08-29,1,7.5,2312.57,2310.0,-19297.08,-0.93,536.23,128.65,23.42,638.16,376.03,1640.46,984.28,492.14,35.0,0.0,0.02
2024-08-30,3,8.22,2321.57,2310.0,-95119.59,-0.91,534.92,137.78,13.78,459.19,391.86,1335.06,801.03,400.52,35.0,0.0,0.02
2024-08-30,2,7.92,2314.81,2310.0,-38111.6,-0.91,541.14,138.23,14.63,580.08,434.51,1470.3,882.18,441.09,35.0,0.0,0.02
2024-08-30,1,7.95,2349.24,2310.0,-312036.11,-0.9,539.72,135.32,12.87,552.85,459.31,1483.74,890.24,445.12,35.0,0.0,0.02
2024-08-31,1,8.13,2307.18,2310.0,22886.79,-0.93,534.48,136.31,16.64,533.78,471.41,1456.63,873.98,436.99,35.0,0.0,0.01
2024-08-31,2,7.93,2326.16,2310.0,-128170.73,-0.88,530.81,130.7,10.37,571.69,433.56,1695.32,1017.19,508.6,35.0,0.0,0.01
2024-08-31,3,7.88,2325.9,2310.0,-125255.78,-0.93,539.37,132.08,24.41,452.98,425.53,1428.97,857.38,428.69,35.0,0.0,0.01
2024-09-01,1,7.75,2309.84,2310.0,1216.23,-0.92,541.52,130.5,19.73,450.26,394.65,1486.63,891.98,445.99,35.0,0.0,0.01
2024-09-01,3,6.98,2341.34,2310.0,-218747.81,-0.93,537.74,138.91,21.72,464.32,401.53,1334.81,800.89,400.44,35.0,0.0,0.01
2024-09-01,2,0.47,2358.97,2320.43,-18021.64,-0.93,538.26,132.87,21.96,497.2,378.94,2486.17,1491.7,745.85,45.44,0.0,0.02
2024-09-02,2,8.33,2317.84,2310.0,-65310.43,-0.89,534.27,136.05,15.92,450.1,396.88,1479.19,887.52,443.76,35.0,0.0,0.01
2024-09-02,1,8.18,2304.83,2310.0,42303.49,-0.93,537.61,136.19,24.97,616.16,464.18,1600.36,960.21,480.11,35.0,0.0,0.02
2024-09-02,3,7.59,2332.75,2330.79,-14913.05,-0.88,531.71,136.07,12.61,451.36,371.79,2486.17,1491.7,745.85,45.44,0.0,0.02
2024-09-03,3,8.34,2347.82,2310.0,-315331.98,-0.9,532.3,130.1,23.91,469.44,472.16,1600.59,960.35,480.18,35.0,0.0,0.02
2024-09-03,2,0.0,0.0,2310.0,0.0,-0.93,540.89,136.69,21.42,624.0,402.31,1542.89,925.73,462.87,35.0,0.0,0.01
2024-09-03,1,8.3,2306.22,2310.0,31366.33,-0.89,538.03,128.65,10.82,457.92,433.13,1685.69,1011.41,505.71,35.0,0.0,0.01
2024-09-04,3,7.42,2329.02,2310.0,-141190.33,-0.91,530.54,132.38,18.24,533.33,390.15,1646.34,987.81,493.9,35.0,0.0,0.01
2024-09-04,2,8.11,2347.46,2310.0,-303827.44,-0.89,533.57,129.87,13.01,643.46,380.77,1511.72,907.03,453.52,35.0,0.0,0.02
2024-09-04,1,7.6,2310.84,2310.0,-6378.75,-0.93,535.09,135.27,12.5,553.87,353.35,1565.25,939.15,469.58,35.0,0.0,0.01
2024-09-05,1,8.03,2294.51,2310.0,124346.01,-0.88,539.83,135.13,24.42,543.46,355.81,1356.94,814.17,407.08,35.0,0.0,0.02
2024-09-05,2,6.73,2336.52,2310.0,-178510.81,-0.88,530.23,138.96,10.84,502.96,432.57,1587.61,952.57,476.28,35.0,0.0,0.02
2024-09-05,3,8.49,2311.9,2310.0,-16164.15,-0.9,539.11,136.19,22.43,454.59,467.22,1685.36,1011.21,505.61,35.0,0.0,0.02
2024-09-06,3,6.82,2335.85,2310.0,-176162.75,-0.89,540.68,136.38,20.87,502.93,442.87,1504.61,902.77,451.38,35.0,0.0,0.02
2024-09-06,1,6.82,2320.76,2310.0,-73317.09,-0.94,541.08,130.48,15.28,504.64,432.4,1675.2,1005.12,502.56,35.0,0.0,0.01
2024-09-06,2,7.81,2305.83,2310.0,32552.47,-0.89,533.27,132.69,21.36,559.71,370.58,1481.23,888.74,444.37,35.0,0.0,0.01
2024-09-07,1,6.8,2320.87,2310.0,-73889.74,-0.92,536.74,132.05,11.06,576.9,436.78,1578.91,947.34,473.67,35.0,0.0,0.02
2024-09-07,3,8.11,2286.67,2310.0,189161.4,-0.91,532.34,131.17,11.47,501.59,360.47,1315.69,789.41,394.71,35.0,0.0,0.02
2024-09-07,2,8.17,2314.89,2310.0,-39898.34,-0.92,535.55,138.72,24.47,558.48,434.75,1631.27,978.76,489.38,35.0,0.0,0.02
2024-09-08,3,6.92,2336.12,2310.0,-180700.46,-0.91,538.25,139.54,16.66,628.32,377.09,1667.45,1000.47,500.23,35.0,0.0,0.02
2024-09-08,2,8.5,2291.94,2310.0,153447.51,-0.89,541.32,135.81,14.91,488.88,456.54,1681.99,1009.19,504.6,35.0,0.0,0.01
2024-09-08,1,8.09,2313.29,2310.0,-26590.64,-0.92,540.46,131.81,18.73,512.77,457.59,1524.08,914.45,457.22,35.0,0.0,0.02
2024-09-09,1,6.94,2321.25,2308.78,-86523.34,-0.9,535.83,128.58,15.25,463.18,428.1,2486.17,1491.7,745.85,45.44,0.0,0.01
2024-09-09,2,6.77,2339.77,2320.43,-130915.76,-0.9,530.33,137.85,23.93,488.26,438.64,2486.17,1491.7,745.85,45.44,0.0,0.01
2024-09-09,3,7.85,2330.91,2330.79,-977.19,-0.89,536.07,137.92,10.98,531.48,479.16,2486.17,1491.7,745.85,45.44,0.0,0.02
2024-09-10,2,6.74,2337.7,2310.0,-186774.64,-0.94,540.43,128.5,23.76,521.56,479.63,1442.95,865.77,432.89,35.0,0.0,0.01
2024-09-10,3,7.37,2334.85,2310.0,-183161.49,-0.94,530.95,138.47,24.2,510.67,478.79,1458.74,875.24,437.62,35.0,0.0,0.01
2024-09-10,1,7.89,2301.16,2310.0,69757.99,-0.92,536.67,139.78,21.39,590.09,394.8,1462.07,877.24,438.62,35.0,0.0,0.02
2024-09-11,1,6.97,2311.13,2310.0,-7859.11,-0.91,532.75,129.88,15.76,496.64,450.12,1645.63,987.38,493.69,35.0,0.0,0.02
2024-09-11,2,7.47,2319.19,2310.0,-68634.23,-0.9,534.23,136.07,14.6,546.61,415.53,1325.94,795.57,397.78,35.0,0.0,0.01
2024-09-11,3,8.33,2287.53,2310.0,187150.23,-0.89,533.56,136.69,18.27,521.28,380.39,1341.69,805.01,402.51,35.0,0.0,0.01
2024-09-12,3,6.95,2336.75,2310.0,-185959.31,-0.9,532.79,130.62,22.47,468.67,462.73,1479.81,887.88,443.94,35.0,0.0,0.01
2024-09-12,1,8.06,2311.64,2310.0,-13240.93,-0.92,532.87,135.55,20.0,455.91,476.12,1415.28,849.17,424.58,35.0,0.0,0.01
2024-09-12,2,5.22,2349.25,2310.0,-204884.66,-0.92,539.25,135.46,15.92,544.22,429.35,1665.05,999.03,499.52,35.0,0.0,0.01
2024-09-13,3,8.25,2326.99,2310.0,-140184.87,-0.94,531.13,129.14,20.38,635.65,425.68,1628.66,977.2,488.6,35.0,0.0,0.02
2024-09-13,1,7.51,2310.47,2310.0,-3523.42,-0.89,530.9,129.09,20.66,562.13,352.54,1507.83,904.7,452.35,35.0,0.0,0.02
2024-09-13,2,1.06,2851.75,2310.0,-571822.36,-0.93,532.98,130.47,21.71,524.13,442.82,1360.47,816.28,408.14,35.0,0.0,0.02
2024-09-14,3,6.58,2342.2,2310.0,-211977.55,-0.91,534.6,136.57,20.7,486.53,462.8,1300.7,780.42,390.21,35.0,0.0,0.01
2024-09-14,1,6.27,2329.1,2310.0,-119787.09,-0.91,532.46,138.21,23.46,527.44,451.73,1313.51,788.11,394.05,35.0,0.0,0.01
2024-09-14,2,8.06,2331.16,2310.0,-170515.92,-0.92,536.83,130.93,21.06,506.8,361.05,1311.92,787.15,393.58,35.0,0.0,0.01
2024-09-15,2,5.59,2350.12,2320.43,-166080.82,-0.92,539.92,128.72,16.78,509.02,417.51,2486.17,1491.7,745.85,45.44,0.0,0.01
2024-09-15,3,6.36,2346.57,2330.79,-100320.03,-0.89,541.81,135.25,12.14,596.68,461.53,2486.17,1491.7,745.85,45.44,0.0,0.02
2024-09-15,1,7.2,2315.58,2308.78,-48979.37,-0.91,537.24,130.22,24.5,512.67,451.91,2486.17,1491.7,745.85,45.44,0.0,0.02
2024-09-16,3,7.29,2334.41,2330.79,-26414.77,-0.89,534.67,130.72,14.8,469.52,381.23,2486.17,1491.7,745.85,45.44,0.0,0.02
2024-09-16,2,8.1,2322.45,2320.43,-16332.89,-0.93,541.53,134.28,24.28,488.52,465.53,2486.17,1491.7,745.85,45.44,0.0,0.02
2024-09-16,1,8.17,2318.59,2310.0,-70235.6,-0.9,535.51,138.32,23.34,604.88,424.6,1494.65,896.79,448.4,35.0,0.0,0.02
2024-09-17,1,8.25,2307.76,2310.0,18522.91,-0.89,537.81,137.56,12.3,644.0,472.55,1646.15,987.69,493.84,35.0,0.0,0.01
2024-09-17,3,7.49,2332.31,2310.0,-167218.79,-0.93,532.81,131.75,11.82,617.18,398.96,1427.97,856.78,428.39,35.0,0.0,0.01
2024-09-17,2,8.36,2320.53,2310.0,-88005.92,-0.91,536.47,135.27,24.53,517.42,467.09,1482.75,889.65,444.83,35.0,0.0,0.01
2024-09-18,1,8.45,2303.81,2310.0,52287.77,-0.89,536.4,132.72,21.61,622.88,381.14,1676.53,1005.92,502.96,35.0,0.0,0.01
2024-09-18,2,8.46,2316.6,2310.0,-55872.1,-0.91,541.44,138.55,11.59,561.61,380.85,1676.15,1005.69,502.85,35.0,0.0,0.01
2024-09-18,3,8.48,2294.77,2310.0,129163.63,-0.94,537.02,136.18,24.17,521.4,364.76,1522.58,913.55,456.77,35.0,0.0,0.02
2024-09-19,1,8.19,2322.58,2310.0,-102970.78,-0.89,534.13,135.44,21.52,615.42,378.86,1678.48,1007.09,503.54,35.0,0.0,0.01
2024-09-19,2,7.36,2331.9,2320.43,-84362.58,-0.94,540.0,128.61,16.64,490.6,458.41,2486.17,1491.7,745.85,45.44,0.0,0.02
2024-09-19,3,7.92,2282.59,2310.0,217076.05,-0.9,541.82,134.85,14.48,466.28,411.28,1605.33,963.2,481.6,35.0,0.0,0.02
2024-09-20,3,7.94,2321.25,2330.79,75688.57,-0.88,532.34,132.59,16.65,469.38,400.92,2486.17,1491.7,745.85,45.44,0.0,0.01
2024-09-20,1,8.4,2301.02,2310.0,75407.2,-0.91,539.8,131.41,23.2,469.76,419.14,1669.11,1001.47,500.73,35.0,0.0,0.02
2024-09-20,2,8.43,2315.54,2310.0,-46647.2,-0.92,541.94,132.59,23.55,461.07,379.2,1313.43,788.06,394.03,35.0,0.0,0.01
2024-09-21,1,8.21,2289.0,2310.0,172359.02,-0.94,533.88,131.07,19.33,569.22,443.17,1409.59,845.75,422.88,35.0,0.0,0.02
2024-09-21,2,8.5,2344.85,2310.0,-296083.25,-0.89,537.99,131.0,12.97,493.29,457.55,1456.17,873.7,436.85,35.0,0.0,0.01
2024-09-21,3,7.82,2325.11,2310.0,-118201.68,-0.91,539.32,139.29,18.57,507.38,471.26,1555.63,933.38,466.69,35.0,0.0,0.02
2024-09-22,1,4.7,2313.03,2310.0,-14255.74,-0.92,540.62,135.2,15.5,491.52,429.83,1662.97,997.78,498.89,35.0,0.0,0.01
2024-09-22,3,7.83,2322.95,2310.0,-101372.94,-0.91,537.71,137.18,11.26,474.46,470.64,1482.23,889.34,444.67,35.0,0.0,0.02
2024-09-22,2,8.28,2319.34,2310.0,-77337.27,-0.91,530.92,139.85,20.59,565.61,372.05,1399.81,839.88,419.94,35.0,0.0,0.01
2024-09-23,1,8.47,2304.47,2310.0,46822.3,-0.89,537.67,134.68,16.31,512.6,377.25,1618.14,970.88,485.44,35.0,0.0,0.02
2024-09-23,3,7.95,2322.73,2310.0,-101248.23,-0.89,532.98,129.81,14.5,594.01,429.84,1406.52,843.91,421.96,35.0,0.0,0.01
2024-09-23,2,8.47,2317.58,2320.43,24153.2,-0.92,531.67,138.54,14.04,454.89,368.19,2486.17,1491.7,745.85,45.44,0.0,0.01
2024-09-24,3,7.99,2323.04,2310.0,-104158.25,-0.91,536.6,136.24,12.81,563.13,365.57,1649.38,989.63,494.82,35.0,0.0,0.02
2024-09-24,1,8.45,2303.63,2310.0,53811.78,-0.89,531.2,136.19,16.8,646.86,424.52,1409.08,845.45,422.72,35.0,0.0,0.02
2024-09-24,2,8.41,2319.0,2310.0,-75694.01,-0.88,540.97,134.5,18.09,452.55,423.05,1387.87,832.72,416.36,35.0,0.0,0.01
2024-09-25,1,8.46,2303.0,2310.0,59224.28,-0.92,538.84,135.37,23.22,586.6,372.03,1371.14,822.69,411.34,35.0,0.0,0.01
2024-09-25,2,8.44,2316.4,2310.0,-53987.54,-0.91,534.28,139.69,11.15,541.08,369.47,1459.35,875.61,437.81,35.0,0.0,0.01
2024-09-25,3,7.9,2325.8,2310.0,-124801.09,-0.9,537.73,129.13,19.15,556.0,437.67,1488.19,892.91,446.46,35.0,0.0,0.02
2024-09-26,1,7.98,2286.42,2310.0,188239.01,-0.88,541.78,128.24,23.83,549.71,442.11,1499.59,899.76,449.88,35.0,0.0,0.01
2024-09-26,3,7.59,2329.76,2310.0,-150031.31,-0.88,536.48,139.56,13.08,597.15,399.41,1308.87,785.32,392.66,35.0,0.0,0.02
2024-09-26,2,8.2,2320.29,2310.0,-84440.2,-0.88,532.18,133.19,18.78,484.22,422.09,1464.6,878.76,439.38,35.0,0.0,0.01
2024-09-27,3,7.96,2280.26,2310.0,236836.68,-0.91,533.47,129.85,24.73,562.31,378.72,1462.51,877.51,438.75,35.0,0.0,0.02
2024-09-27,1,8.23,2337.43,2310.0,-225720.2,-0.94,537.1,139.74,12.84,571.7,411.33,1545.35,927.21,463.6,35.0,0.0,0.01
2024-09-27,2,7.92,2342.14,2310.0,-254623.25,-0.91,539.32,139.58,24.21,587.34,352.14,1482.28,889.37,444.68,35.0,0.0,0.01
2024-09-28,2,8.0,2323.99,2320.43,-28403.85,-0.9,532.73,129.52,17.0,646.21,460.39,2486.17,1491.7,745.85,45.44,440.7,0.01
2024-09-28,3,8.25,2338.84,2310.0,-238111.79,-0.93,530.16,134.81,19.27,537.96,385.92,1468.19,880.92,440.46,35.0,0.0,0.02
2024-09-28,1,8.35,2313.01,2310.0,-25097.67,-0.9,540.29,128.41,17.28,537.52,469.82,1383.86,830.32,415.16,35.0,0.0,0.02
2024-09-29,3,8.43,2310.08,2310.0,-698.52,-0.93,533.9,139.34,23.07,537.43,391.7,1386.71,832.03,416.01,35.0,0.0,0.02
2024-09-29,2,7.52,2326.87,2310.0,-126810.7,-0.9,537.29,134.34,10.71,473.28,409.02,1683.48,1010.09,505.04,35.0,0.0,0.01
2024-09-29,1,7.4,2310.25,2310.0,-1828.6,-0.91,539.52,130.88,14.31,504.8,382.38,1364.39,818.63,409.32,35.0,0.0,0.01
2024-09-30,2,8.45,2319.37,2320.43,8974.64,-0.9,531.57,136.21,13.65,454.4,352.41,2486.17,1491.7,745.85,45.44,0.0,0.01
2024-09-30,3,3.97,2337.05,2330.79,-24850.65,-0.91,539.49,139.39,21.17,613.38,465.52,2486.17,1491.7,745.85,45.44,0.0,0.02
2024-09-30,1,8.43,2303.8,2308.78,42020.43,-0.93,540.44,139.87,17.63,601.68,389.16,2486.17,1491.7,745.85,45.44,0.0,0.01
2024-10-01,3,7.85,2281.94,2310.0,220160.95,-0.9,539.58,128.83,16.63,593.66,442.5,1418.01,850.8,425.4,35.0,300.0,0.02
2024-10-01,2,8.43,2304.25,2311.39,60136.3,-0.91,539.53,132.59,12.85,581.42,470.81,2486.17,1491.7,745.85,45.44,0.0,0.01
2024-10-01,1,8.16,2310.99,2310.0,-8109.03,-0.92,539.93,135.01,21.24,582.06,403.38,1545.09,927.05,463.53,35.0,300.0,0.01
2024-10-02,1,8.09,2303.21,2310.0,54984.11,-0.92,530.33,137.97,23.01,471.24,457.22,1377.41,826.45,413.22,35.0,0.0,0.01
2024-10-02,3,5.72,2334.94,2310.0,-142621.81,-0.88,535.24,130.05,22.18,556.61,426.71,1373.83,824.3,412.15,35.0,0.0,0.01
2024-10-02,2,8.26,2345.57,2310.0,-293689.78,-0.88,531.64,138.45,13.05,616.05,427.81,1555.08,933.05,466.52,35.0,0.0,0.02
2024-10-03,1,8.42,2304.03,2310.0,50276.73,-0.91,538.89,137.38,22.29,611.2,444.36,1331.38,798.83,399.41,35.0,0.0,0.02
2024-10-03,2,8.43,2314.31,2310.0,-36344.17,-0.88,537.77,139.55,13.33,527.8,394.73,1437.26,862.36,431.18,35.0,0.0,0.02
2024-10-03,3,7.54,2332.45,0.0,-17596000.47,-0.94,535.8,133.88,16.27,567.79,389.71,2486.17,1491.7,745.85,45.44,0.0,0.01
2024-10-04,2,8.4,2314.98,2310.0,-41854.67,-0.92,538.52,135.53,12.96,473.79,464.56,1617.86,970.72,485.36,35.0,0.0,0.02
2024-10-04,1,8.44,2340.85,2310.0,-260371.74,-0.93,541.52,134.49,24.57,532.02,366.79,1480.12,888.07,444.04,35.0,0.0,0.01
2024-10-04,3,8.37,2341.74,2310.0,-265610.89,-0.94,532.56,136.96,17.96,567.39,455.35,1560.09,936.05,468.03,35.0,0.0,0.02
2024-10-05,1,8.43,2303.33,2302.95,-3190.69,-0.93,533.43,130.12,18.94,534.49,452.51,2486.17,1491.7,745.85,45.44,0.0,0.01
2024-10-05,3,8.48,2290.87,2310.0,162228.91,-0.88,530.01,128.1,13.51,573.85,360.66,1338.34,803.0,401.5,35.0,0.0,0.01
2024-10-05,2,8.38,2334.19,2310.0,-202685.49,-0.92,534.89,138.67,15.05,633.01,458.64,1430.41,858.25,429.12,35.0,0.0,0.02
2024-10-06,1,8.38,2283.77,2310.0,219742.83,-0.92,534.78,134.34,21.35,493.24,424.95,1575.35,945.21,472.6,35.0,0.0,0.01
2024-10-06,3,7.61,2328.22,2310.0,-138692.32,-0.91,533.03,136.64,19.68,612.76,376.42,1341.68,805.01,402.5,35.0,0.0,0.01
2024-10-06,2,7.93,2319.21,2310.0,-73042.71,-0.88,541.89,138.96,15.92,622.89,472.92,1697.75,1018.65,509.32,35.0,0.0,0.02
2024-10-07,2,8.4,2311.54,2310.0,-12937.95,-0.92,534.01,130.29,16.06,515.46,351.8,1502.03,901.22,450.61,35.0,0.0,0.02
2024-10-07,3,7.52,2329.3,2310.0,-145074.99,-0.93,539.99,136.35,14.21,504.55,473.32,1551.36,930.81,465.41,35.0,0.0,0.02
2024-10-07,1,8.38,2330.33,2310.0,-170482.55,-0.94,537.12,134.31,17.72,570.71,454.32,1480.61,888.37,444.18,35.0,0.0,0.02
2024-10-08,2,8.44,2312.77,2310.0,-23412.69,-0.93,532.3,128.82,22.81,524.55,452.79,1510.55,906.33,453.17,35.0,0.0,0.01
2024-10-08,1,8.44,2302.95,2310.0,59474.58,-0.91,535.72,129.11,13.67,452.05,449.48,1492.4,895.44,447.72,35.0,0.0,0.01
2024-10-08,3,8.0,2300.2,2310.0,78371.32,-0.88,539.25,129.33,20.94,480.98,443.34,1499.35,899.61,449.8,35.0,0.0,0.01
2024-10-09,3,7.71,2327.59,0.0,-17945733.0,-0.88,532.41,139.07,13.6,588.64,438.26,2486.17,1491.7,745.85,45.44,0.0,0.01
2024-10-09,1,7.87,2348.2,2310.0,-300606.53,-0.93,534.36,138.24,13.89,549.0,370.85,1552.6,931.56,465.78,35.0,0.0,0.02
2024-10-09,2,4.56,2323.13,2311.39,-53551.82,-0.89,541.47,133.7,16.99,643.89,361.86,2486.17,1491.7,745.85,45.44,0.0,0.01
2024-10-10,2,0.0,0.0,2311.39,0.0,-0.88,540.25,131.37,16.83,487.87,475.45,2486.17,1491.7,745.85,45.44,0.0,0.01
2024-10-10,3,7.6,2327.51,2310.0,-133118.19,-0.89,532.55,135.48,18.54,595.96,380.75,1696.72,1018.03,509.02,35.0,0.0,0.01
2024-10-10,1,8.2,2306.34,2310.0,30001.02,-0.93,541.81,133.27,17.76,629.1,351.83,1511.66,906.99,453.5,35.0,0.0,0.02
2024-10-11,1,8.41,2302.68,2310.0,61614.03,-0.9,533.98,132.26,18.61,586.42,465.65,1532.68,919.61,459.81,35.0,0.0,0.01
2024-10-11,3,7.36,2334.63,2310.0,-181201.68,-0.89,536.75,131.5,12.57,577.12,466.26,1476.44,885.87,442.93,35.0,0.0,0.02
2024-10-11,2,8.02,2319.24,2310.0,-74130.58,-0.91,536.92,135.14,12.37,457.03,377.54,1592.24,955.35,477.67,35.0,0.0,0.01
2024-10-12,3,6.58,2337.41,2310.0,-180399.14,-0.91,532.02,136.22,16.62,527.7,389.37,1666.67,1000.0,500.0,35.0,0.0,0.02
2024-10-12,1,8.02,2333.57,2310.0,-188994.71,-0.9,530.32,134.54,20.26,616.49,379.19,1591.75,955.05,477.53,35.0,0.0,0.01
2024-10-12,2,0.0,0.0,2310.0,0.0,-0.92,540.8,136.61,21.65,517.58,432.8,1551.07,930.64,465.32,35.0,0.0,0.01
2024-10-13,1,8.37,2303.81,2310.0,51836.61,-0.94,539.85,136.69,20.26,639.95,422.05,1336.21,801.73,400.86,35.0,0.0,0.01
2024-10-13,2,0.0,0.0,2310.0,0.0,-0.91,531.78,130.29,23.12,577.25,376.55,1469.68,881.81,440.9,35.0,0.0,0.02
2024-10-13,3,4.05,2346.76,2310.0,-148860.85,-0.91,532.8,136.23,15.57,463.29,461.18,1533.84,920.3,460.15,35.0,0.0,0.01
2024-10-14,1,8.33,2305.41,2310.0,38200.23,-0.93,541.04,132.13,21.6,634.28,386.73,1477.41,886.45,443.22,35.0,0.0,0.02
2024-10-14,2,3.45,2335.07,2310.0,-86511.37,-0.88,530.04,133.75,21.59,486.71,415.45,1678.56,1007.13,503.57,35.0,0.0,0.01
2024-10-14,3,0.0,0.0,2310.0,0.0,-0.89,532.72,138.14,24.34,493.63,476.83,1483.59,890.15,445.08,35.0,0.0,0.02
2024-10-15,3,0.0,0.0,2310.0,0.0,-0.89,539.49,136.29,19.95,592.17,421.46,1597.71,958.62,479.31,35.0,0.0,0.02
2024-10-15,2,7.94,2310.61,2310.0,-4867.28,-0.9,540.59,130.95,15.62,626.91,465.17,1421.57,852.94,426.47,35.0,300.0,0.01
2024-10-15,1,8.48,2304.48,2310.0,46812.38,-0.88,541.06,131.92,17.49,513.27,429.58,1307.48,784.49,392.24,35.0,0.0,0.01
2024-10-16,1,8.29,2295.06,2310.0,123910.03,-0.89,536.26,132.4,11.72,553.01,390.54,1563.43,938.06,469.03,35.0,0.0,0.02
2024-10-16,2,8.43,2312.08,2311.39,-5871.29,-0.91,539.65,137.65,10.42,504.13,420.99,2486.17,1491.7,745.85,45.44,0.0,0.01
2024-10-16,3,0.0,0.0,0.0,0.0,-0.9,533.35,138.4,13.7,455.83,377.82,2486.17,1491.7,745.85,45.44,0.0,0.01
2024-10-17,3,0.0,0.0,2310.0,0.0,-0.93,530.86,133.56,21.94,499.82,376.84,1672.44,1003.47,501.73,35.0,0.0,0.02
2024-10-17,2,8.45,2309.11,2310.0,7561.27,-0.93,536.95,133.63,14.57,457.03,389.21,1326.79,796.08,398.04,35.0,0.0,0.01
2024-10-17,1,8.44,2300.43,2302.95,21244.78,-0.93,532.53,128.72,16.89,571.02,411.82,2486.17,1491.7,745.85,45.44,0.0,0.02
2024-10-18,2,8.13,2324.37,2310.0,-116775.72,-0.94,534.56,135.92,13.04,563.37,368.1,1670.56,1002.34,501.17,35.0,0.0,0.01
2024-10-18,1,8.17,2285.38,2310.0,201184.32,-0.88,537.7,135.65,23.62,454.14,401.33,1464.54,878.72,439.36,35.0,0.0,0.01
2024-10-18,3,8.03,2349.25,2310.0,-315373.75,-0.9,534.57,133.36,22.03,462.0,447.6,1404.69,842.82,421.41,35.0,0.0,0.02
2024-10-19,2,8.45,2308.46,2311.39,24692.75,-0.93,530.17,139.96,16.2,476.19,352.59,2486.17,1491.7,745.85,45.44,0.0,0.01
2024-10-19,1,8.44,2299.58,2302.95,28382.02,-0.93,533.54,134.24,11.32,549.0,477.94,2486.17,1491.7,745.85,45.44,0.0,0.02
2024-10-19,3,8.03,2341.93,2310.0,-256361.0,-0.93,531.54,131.46,17.86,635.62,401.56,1650.9,990.54,495.27,35.0,0.0,0.01
2024-10-20,2,8.22,2311.38,2311.39,87.19,-0.92,538.89,132.75,24.86,538.25,355.26,2486.17,1491.7,745.85,45.44,0.0,0.02
2024-10-20,1,8.46,2346.93,2310.0,-312329.57,-0.9,537.66,134.42,16.51,485.23,424.71,1467.93,880.76,440.38,35.0,0.0,0.02
2024-10-20,3,8.24,2330.78,2310.0,-171307.49,-0.89,535.44,137.84,21.16,547.96,416.84,1580.85,948.51,474.25,35.0,0.0,0.02
2024-10-21,3,8.16,2323.22,2310.0,-107879.44,-0.9,534.12,131.8,10.94,474.8,453.87,1582.86,949.71,474.86,35.0,0.0,0.01
2024-10-21,1,8.25,2303.32,2310.0,55137.07,-0.92,538.27,128.48,11.92,627.0,467.43,1522.42,913.45,456.73,35.0,0.0,0.02
2024-10-21,2,8.4,2312.24,2311.39,-7152.86,-0.94,539.23,139.39,14.94,475.19,351.53,2486.17,1491.7,745.85,45.44,0.0,0.01
2024-10-22,2,8.12,2307.04,2310.0,24044.13,-0.94,531.72,134.05,16.41,463.85,355.35,1311.49,786.89,393.45,35.0,0.0,0.01
2024-10-22,3,8.25,2293.04,2310.0,139922.55,-0.93,538.85,137.33,19.34,594.36,473.85,1674.03,1004.42,502.21,35.0,0.0,0.02
2024-10-22,1,8.1,2293.59,2310.0,132956.06,-0.94,530.04,137.62,16.91,455.92,457.93,1383.32,829.99,415.0,35.0,0.0,0.01
2024-10-23,2,8.37,2301.91,2310.0,67716.57,-0.91,541.15,131.94,15.61,588.92,352.56,1324.89,794.94,397.47,35.0,0.0,0.01
2024-10-23,3,0.0,0.0,2310.0,0.0,-0.89,536.75,132.68,24.89,515.22,391.02,1372.74,823.65,411.82,35.0,0.0,0.02
2024-10-23,1,8.14,2304.86,2310.0,41859.37,-0.9,534.97,136.98,19.99,451.71,476.99,1371.34,822.8,411.4,35.0,0.0,0.01
2024-10-24,3,0.0,0.0,0.0,0.0,-0.93,530.79,135.13,14.72,638.19,355.46,2486.17,1491.7,745.85,45.44,0.0,0.01
2024-10-24,1,8.32,2303.23,2302.95,-2370.09,-0.89,534.89,133.02,23.33,607.16,472.5,2486.17,1491.7,745.85,45.44,0.0,0.02
2024-10-24,2,8.1,2311.39,2311.39,0.0,-0.9,534.89,132.29,14.94,542.49,457.0,2486.17,1491.7,745.85,45.44,0.0,0.02
2024-10-25,1,8.13,2304.55,2310.0,44324.49,-0.93,531.68,132.51,16.77,500.92,466.81,1610.29,966.17,483.09,35.0,0.0,0.02
2024-10-25,3,0.0,0.0,2310.0,0.0,-0.92,539.65,139.35,23.69,455.37,478.36,1680.8,1008.48,504.24,35.0,0.0,0.02
2024-10-25,2,8.25,2310.07,2310.0,-595.93,-0.93,531.15,136.56,23.89,533.94,428.23,1334.79,800.87,400.44,35.0,0.0,0.01
2024-10-26,3,8.3,2316.67,2310.0,-55401.06,-0.92,530.36,129.29,11.57,546.04,452.7,1536.2,921.72,460.86,35.0,0.0,0.01
2024-10-26,2,8.42,2307.6,2310.0,20187.68,-0.92,541.44,137.54,18.8,590.7,431.84,1311.45,786.87,393.44,35.0,0.0,0.02
2024-10-26,1,8.22,2292.45,2310.0,144258.04,-0.94,534.65,130.11,22.02,503.04,437.61,1375.59,825.35,412.68,35.0,0.0,0.02
2024-10-27,2,8.03,2313.49,2311.39,-16878.99,-0.94,533.59,128.3,16.37,643.61,361.52,2486.17,1491.7,745.85,45.44,0.0,0.01
2024-10-27,3,0.0,0.0,2310.0,0.0,-0.88,541.8,138.45,22.16,539.42,455.69,1306.0,783.6,391.8,35.0,0.0,0.01
2024-10-27,1,8.11,2302.8,2310.0,58427.98,-0.89,535.91,136.17,15.76,598.38,371.02,1398.67,839.2,419.6,35.0,0.0,0.02
2024-10-28,2,8.44,2341.13,2310.0,-262833.26,-0.88,540.28,134.98,12.97,488.74,417.45,1376.07,825.64,412.82,35.0,0.0,0.02
2024-10-28,3,8.42,2306.8,2310.0,26941.76,-0.9,531.19,136.64,21.78,593.03,438.02,1497.6,898.56,449.28,35.0,0.0,0.01
2024-10-28,1,8.46,2316.91,2310.0,-58450.52,-0.92,538.89,131.68,14.77,604.55,424.35,1643.09,985.85,492.93,35.0,0.0,0.02
2024-10-29,1,8.3,2312.82,2310.0,-23377.18,-0.93,533.04,138.55,10.03,539.86,389.5,1591.46,954.88,477.44,35.0,0.0,0.02
2024-10-29,3,0.0,0.0,2310.0,0.0,-0.94,530.78,138.9,19.03,640.63,423.21,1541.91,925.14,462.57,35.0,0.0,0.01
2024-10-29,2,8.45,2311.42,2310.0,-11972.99,-0.9,539.2,131.92,12.61,573.88,443.28,1593.78,956.27,478.13,35.0,0.0,0.01
2024-10-30,2,8.12,2281.02,2310.0,235480.15,-0.89,537.04,132.85,11.49,458.13,383.3,1428.54,857.13,428.56,35.0,0.0,0.01
2024-10-30,3,8.08,2321.92,2310.0,-96240.92,-0.9,530.52,134.3,14.27,606.41,391.98,1440.82,864.49,432.25,35.0,0.0,0.01
2024-10-30,1,8.48,2287.18,2310.0,193416.33,-0.89,535.06,135.59,19.5,521.71,440.05,1668.88,1001.33,500.67,35.0,0.0,0.01
2024-10-31,2,8.15,2289.06,2310.0,170714.49,-0.91,533.21,129.16,21.07,575.46,456.55,1653.81,992.29,496.14,35.0,0.0,0.02
2024-10-31,3,0.0,0.0,2310.0,0.0,-0.91,532.97,138.34,11.96,469.77,476.31,1422.33,853.4,426.7,35.0,0.0,0.02
2024-10-31,1,7.66,2308.47,2310.0,11705.78,-0.92,532.79,137.99,11.19,520.2,394.89,1375.44,825.26,412.63,35.0,0.0,0.02
2024-11-01,1,8.04,2291.11,2310.0,151948.31,-0.9,535.56,132.38,12.44,601.19,475.66,1532.31,919.39,459.69,35.0,300.0,0.01
2024-11-01,3,0.0,0.0,2310.0,0.0,-0.93,530.07,139.07,23.56,623.95,415.12,1375.89,825.53,412.77,35.0,0.0,0.02
2024-11-01,2,0.0,0.0,2310.0,0.0,-0.92,533.16,129.74,17.5,493.95,408.64,1590.15,954.09,477.05,35.0,0.0,0.02
2024-11-02,1,7.21,2314.32,2304.17,-73160.25,-0.89,532.71,128.08,23.22,476.52,417.91,2486.17,1491.7,745.85,45.44,0.0,0.01
2024-11-02,3,0.0,0.0,2310.0,0.0,-0.9,534.41,139.52,24.25,598.31,453.07,1538.65,923.19,461.6,35.0,0.0,0.01
2024-11-02,2,8.01,2349.66,2310.0,-317619.25,-0.9,532.75,130.41,12.44,606.77,396.47,1613.47,968.08,484.04,35.0,0.0,0.02
2024-11-03,2,0.0,0.0,2310.0,0.0,-0.93,540.1,139.85,15.47,536.5,371.21,1511.31,906.79,453.39,35.0,0.0,0.02
2024-11-03,3,8.03,2301.27,2310.0,70123.92,-0.91,534.81,128.67,10.52,596.09,399.5,1612.5,967.5,483.75,35.0,0.0,0.02
2024-11-03,1,7.35,2314.46,2304.17,-75574.66,-0.89,537.24,136.82,18.43,553.42,438.03,2486.17,1491.7,745.85,45.44,0.0,0.01
2024-11-04,2,0.0,0.0,2310.0,0.0,-0.94,531.34,128.02,18.04,531.91,401.6,1378.88,827.33,413.66,35.0,0.0,0.01
2024-11-04,1,7.82,2341.91,2310.0,-249713.59,-0.94,536.1,139.21,11.6,551.99,454.45,1621.73,973.04,486.52,35.0,0.0,0.02
2024-11-04,3,7.94,2282.69,2310.0,216776.87,-0.93,530.55,139.35,23.35,482.19,426.45,1393.65,836.19,418.09,35.0,0.0,0.01
2024-11-05,2,8.02,2293.04,2310.0,136099.78,-0.92,539.67,129.08,10.12,638.4,352.24,1354.14,812.48,406.24,35.0,0.0,0.02
2024-11-05,1,7.43,2311.0,2310.0,-7460.74,-0.93,539.85,134.47,12.05,562.91,384.59,1465.87,879.52,439.76,35.0,0.0,0.01
2024-11-05,3,0.0,0.0,2310.0,0.0,-0.93,535.18,130.55,16.64,546.23,466.13,1316.44,789.86,394.93,35.0,0.0,0.02
2024-11-06,1,8.25,2303.93,2310.0,50105.2,-0.88,541.67,139.75,11.11,606.45,365.04,1657.13,994.28,497.14,35.0,0.0,0.01
2024-11-06,2,8.23,2316.98,2310.0,-57429.61,-0.94,534.44,133.98,12.63,496.52,478.96,1394.47,836.68,418.34,35.0,0.0,0.02
2024-11-06,3,8.13,2283.09,2310.0,218868.11,-0.89,536.69,133.64,17.22,487.48,455.46,1664.63,998.78,499.39,35.0,0.0,0.02
2024-11-07,3,0.0,0.0,2321.7,0.0,-0.9,539.65,138.34,18.28,565.1,380.64,2486.17,1491.7,745.85,45.44,0.0,0.02
2024-11-07,2,8.25,2313.95,2304.23,-80200.12,-0.88,539.87,128.27,10.95,495.37,468.04,2486.17,1491.7,745.85,45.44,0.0,0.02
2024-11-07,1,8.48,2349.64,2310.0,-336093.45,-0.93,535.1,137.3,11.62,587.86,442.54,1444.71,866.82,433.41,35.0,0.0,0.01
2024-11-08,3,8.46,2313.15,2310.0,-26660.93,-0.89,539.18,138.7,20.85,645.9,476.11,1512.86,907.71,453.86,35.0,0.0,0.01
2024-11-08,2,7.83,2321.87,2310.0,-92968.75,-0.92,533.11,137.13,21.12,462.14,444.18,1377.46,826.48,413.24,35.0,0.0,0.02
2024-11-08,1,8.13,2302.63,2310.0,59941.07,-0.89,538.17,129.5,19.01,637.61,445.49,1695.77,1017.46,508.73,35.0,0.0,0.02
2024-11-09,1,7.97,2307.12,2310.0,22945.44,-0.91,531.33,139.69,18.61,476.94,408.24,1342.82,805.69,402.85,35.0,0.0,0.01
2024-11-09,3,8.15,2343.91,2310.0,-276407.19,-0.94,534.22,138.79,14.86,569.49,392.93,1394.45,836.67,418.34,35.0,0.0,0.01
2024-11-09,2,8.41,2315.16,2310.0,-43379.49,-0.93,532.13,128.93,11.53,540.84,477.45,1524.78,914.87,457.43,35.0,0.0,0.01
2024-11-10,2,8.22,2316.87,2310.0,-56415.19,-0.89,532.32,128.43,11.92,613.95,383.2,1343.86,806.32,403.16,35.0,0.0,0.02
2024-11-10,3,7.04,2332.05,2321.7,-72913.04,-0.89,537.55,130.17,10.62,516.65,412.12,2486.17,1491.7,745.85,45.44,0.0,0.01
2024-11-10,1,7.97,2305.06,2310.0,39373.35,-0.9,541.38,134.12,20.11,492.96,401.87,1302.75,781.65,390.82,35.0,0.0,0.01
2024-11-11,2,8.34,2306.45,2310.0,29578.65,-0.9,535.57,132.38,15.58,564.43,374.56,1415.59,849.35,424.68,35.0,0.0,0.02
2024-11-11,3,7.31,2327.44,2321.7,-42003.5,-0.92,533.81,130.96,20.29,571.2,374.81,2486.17,1491.7,745.85,45.44,0.0,0.01
2024-11-11,1,8.2,2304.8,2310.0,42629.71,-0.9,540.56,134.56,15.16,472.08,363.63,1485.75,891.45,445.73,35.0,0.0,0.01
2024-11-12,1,8.41,2300.62,2310.0,78891.82,-0.92,531.44,130.41,17.26,462.77,443.5,1475.06,885.03,442.52,35.0,0.0,0.01
2024-11-12,3,7.42,2324.86,2310.0,-110287.4,-0.91,541.94,138.52,15.2,513.85,417.23,1456.55,873.93,436.96,35.0,0.0,0.02
2024-11-12,2,8.44,2304.42,2310.0,47108.15,-0.93,532.98,134.92,22.19,604.28,416.06,1501.67,901.0,450.5,35.0,0.0,0.02
2024-11-13,3,8.4,2290.22,2310.0,166164.14,-0.92,541.75,134.11,14.16,582.61,459.99,1482.25,889.35,444.67,35.0,0.0,0.02
2024-11-13,1,8.29,2293.92,2310.0,133328.91,-0.92,538.19,132.43,16.36,458.41,412.42,1371.93,823.16,411.58,35.0,0.0,0.01
2024-11-13,2,8.11,2327.85,2310.0,-144763.64,-0.9,537.47,132.3,10.88,497.34,470.92,1380.66,828.39,414.2,35.0,0.0,0.02
2024-11-14,1,8.19,2332.86,2310.0,-187189.98,-0.88,538.09,128.12,17.74,483.19,444.01,1548.66,929.2,464.6,35.0,0.0,0.01
2024-11-14,3,8.21,2313.73,2310.0,-30650.55,-0.91,538.16,129.1,21.34,544.64,473.57,1560.89,936.53,468.27,35.0,0.0,0.01
2024-11-14,2,8.14,2303.94,2304.23,2308.61,-0.93,530.05,130.06,21.5,621.67,380.25,2486.17,1491.7,745.85,45.44,0.0,0.01
2024-11-15,1,8.24,2298.49,2304.17,46835.99,-0.88,538.89,130.57,22.36,549.81,463.42,2486.17,1491.7,745.85,45.44,0.0,0.02
2024-11-15,2,8.38,2299.66,2304.23,38289.25,-0.91,533.8,131.4,19.71,636.31,442.57,2486.17,1491.7,745.85,45.44,0.0,0.02
2024-11-15,3,8.13,2320.3,2310.0,-83728.67,-0.88,540.6,138.7,13.91,599.84,422.56,1513.74,908.24,454.12,35.0,300.0,0.01
2024-11-16,1,8.09,2317.61,2310.0,-61610.24,-0.93,531.89,138.59,24.04,622.1,466.99,1494.54,896.73,448.36,35.0,0.0,0.02
2024-11-16,2,8.21,2302.97,2310.0,57669.75,-0.91,532.05,135.12,10.18,616.12,385.93,1358.95,815.37,407.69,35.0,0.0,0.02
2024-11-16,3,7.88,2330.55,2310.0,-162036.73,-0.93,535.08,131.69,19.39,487.48,376.9,1678.7,1007.22,503.61,35.0,0.0,0.01
2024-11-17,1,7.65,2304.2,2310.0,44331.73,-0.93,531.16,131.51,22.35,504.28,358.72,1415.87,849.52,424.76,35.0,0.0,0.01
2024-11-17,2,7.83,2305.38,2310.0,36225.67,-0.93,535.34,137.33,18.83,514.74,460.77,1618.51,971.1,485.55,35.0,0.0,0.02
2024-11-17,3,8.34,2337.09,2310.0,-225790.56,-0.89,536.13,136.79,18.55,564.48,396.45,1550.07,930.04,465.02,35.0,0.0,0.02
2024-11-18,1,7.5,2305.5,2310.0,33708.11,-0.88,539.39,131.02,15.06,535.34,425.11,1560.54,936.32,468.16,35.0,0.0,0.01
2024-11-18,3,7.03,2333.72,2321.7,-84540.22,-0.9,534.53,138.63,19.34,646.13,366.45,2486.17,1491.7,745.85,45.44,0.0,0.01
2024-11-18,2,8.33,2300.45,2310.0,79629.78,-0.92,537.48,135.42,17.15,515.21,410.17,1575.36,945.21,472.61,35.0,0.0,0.02
2024-11-19,2,7.96,2306.4,2310.0,28657.85,-0.93,531.89,135.11,14.31,470.48,416.67,1518.47,911.08,455.54,35.0,0.0,0.01
2024-11-19,1,7.51,2308.9,2310.0,8276.26,-0.91,539.46,136.92,11.28,475.64,453.55,1519.84,911.91,455.95,35.0,0.0,0.02
2024-11-19,3,7.29,2331.61,2310.0,-157579.44,-0.91,538.62,131.94,13.59,474.63,366.98,1592.19,955.32,477.66,35.0,0.0,0.02
2024-11-20,2,8.25,2306.94,2304.23,-22411.24,-0.91,534.65,139.18,15.75,605.08,406.5,2486.17,1491.7,745.85,45.44,0.0,0.01
2024-11-20,3,7.03,2332.32,2310.0,-156937.65,-0.92,536.16,132.38,23.43,474.34,355.46,1692.47,1015.48,507.74,35.0,0.0,0.01
2024-11-20,1,7.91,2304.93,2310.0,40117.57,-0.88,534.78,133.48,24.53,498.02,419.64,1528.56,917.14,458.57,35.0,0.0,0.01
2024-11-21,1,8.1,2316.86,2310.0,-55579.8,-0.89,540.66,131.88,21.71,511.62,456.96,1429.71,857.83,428.91,35.0,0.0,0.01
2024-11-21,3,7.25,2326.49,2310.0,-119476.83,-0.9,530.16,137.18,13.99,636.24,405.05,1697.14,1018.28,509.14,35.0,0.0,0.02
2024-11-21,2,8.44,2338.22,2310.0,-238043.08,-0.93,533.29,132.65,11.28,642.67,447.04,1675.83,1005.5,502.75,35.0,0.0,0.02
2024-11-22,1,8.13,2302.39,2310.0,61905.21,-0.9,540.03,133.56,21.84,638.32,452.98,1373.19,823.91,411.96,35.0,0.0,0.01
2024-11-22,2,8.2,2345.88,2310.0,-294049.37,-0.9,541.09,128.53,23.69,507.44,464.29,1392.12,835.27,417.64,35.0,0.0,0.01
2024-11-22,3,7.35,2323.9,2321.7,-16163.09,-0.89,541.59,138.77,24.49,452.31,363.89,2486.17,1491.7,745.85,45.44,0.0,0.02
2024-11-23,3,7.22,2325.68,2321.7,-28712.34,-0.89,538.43,129.66,10.39,473.38,359.41,2486.17,1491.7,745.85,45.44,0.0,0.01
2024-11-23,2,8.23,2303.06,2304.23,9602.04,-0.9,541.41,130.65,15.58,511.85,406.62,2486.17,1491.7,745.85,45.44,0.0,0.01
2024-11-23,1,7.84,2304.11,2310.0,46164.65,-0.91,530.74,137.12,21.41,567.09,363.51,1675.25,1005.15,502.57,35.0,0.0,0.01
2024-11-24,3,7.15,2327.0,2310.0,-121528.28,-0.91,530.27,132.75,13.5,461.86,465.38,1345.0,807.0,403.5,35.0,0.0,0.02
2024-11-24,1,7.44,2308.87,2310.0,8421.02,-0.93,534.67,128.57,20.07,467.08,365.08,1355.51,813.3,406.65,35.0,0.0,0.01
2024-11-24,2,8.47,2284.85,2310.0,213057.37,-0.91,535.75,131.54,16.4,643.56,372.66,1689.18,1013.51,506.75,35.0,0.0,0.01
2024-11-25,2,8.2,2337.91,2310.0,-229000.02,-0.89,535.95,135.03,10.94,623.93,351.0,1381.76,829.05,414.53,35.0,0.0,0.02
2024-11-25,1,7.81,2307.13,2304.17,-23047.82,-0.92,537.73,130.87,11.2,489.82,432.39,2486.17,1491.7,745.85,45.44,0.0,0.01
2024-11-25,3,8.3,2299.15,2310.0,89994.51,-0.91,537.84,137.84,14.46,524.25,396.93,1378.31,826.98,413.49,35.0,0.0,0.02
2024-11-26,1,8.07,2342.24,2310.0,-260147.16,-0.9,540.2,128.29,16.13,598.17,359.4,1684.97,1010.98,505.49,35.0,0.0,0.01
2024-11-26,2,8.1,2303.08,2304.23,9307.31,-0.93,536.0,132.93,22.11,642.3,462.8,2486.17,1491.7,745.85,45.44,0.0,0.02
2024-11-26,3,7.62,2323.52,2310.0,-102986.96,-0.92,530.97,130.05,18.94,509.44,393.19,1578.67,947.2,473.6,35.0,0.0,0.02
2024-11-27,1,8.28,2302.29,2310.0,63800.13,-0.88,536.89,135.55,19.77,491.24,398.04,1399.7,839.82,419.91,35.0,0.0,0.01
2024-11-27,3,8.24,2332.14,2310.0,-182487.38,-0.91,531.55,133.25,19.39,500.58,441.5,1495.45,897.27,448.64,35.0,0.0,0.02
2024-11-27,2,8.05,2306.4,2310.0,28945.93,-0.89,534.04,138.03,18.63,567.33,427.17,1598.51,959.11,479.55,35.0,0.0,0.02
2024-11-28,2,7.83,2293.67,2310.0,127777.19,-0.94,534.31,136.57,21.16,567.55,447.71,1628.09,976.86,488.43,35.0,0.0,0.01
2024-11-28,1,7.89,2296.22,2310.0,108771.01,-0.9,538.47,130.55,17.58,638.42,426.93,1590.15,954.09,477.05,35.0,0.0,0.01
2024-11-28,3,7.51,2319.48,2321.7,16642.69,-0.89,539.21,137.19,22.68,491.37,397.45,2486.17,1491.7,745.85,45.44,0.0,0.01
2024-11-29,1,8.15,2300.47,2304.17,30209.93,-0.93,535.0,136.3,21.99,580.8,467.58,2486.17,1491.7,745.85,45.44,0.0,0.02
2024-11-29,2,7.96,2306.04,2310.0,31522.68,-0.93,538.67,131.65,19.16,541.15,427.32,1666.6,999.96,499.98,35.0,0.0,0.01
2024-11-29,3,7.57,2318.88,2310.0,-67233.06,-0.9,536.44,138.94,22.65,459.95,366.9,1662.09,997.26,498.63,35.0,0.0,0.01
2024-11-30,2,7.96,2307.27,2304.23,-24193.93,-0.93,537.89,136.06,20.91,563.01,414.16,2486.17,1491.7,745.85,45.44,0.0,0.02
2024-11-30,3,8.23,2337.94,2310.0,-229963.04,-0.88,541.62,139.67,24.33,548.73,431.76,1480.57,888.34,444.17,35.0,0.0,0.01
2024-11-30,1,8.36,2288.38,2310.0,180782.84,-0.91,541.43,138.42,14.86,569.52,456.21,1577.68,946.61,473.3,35.0,0.0,0.01
2024-12-01,2,8.21,2291.18,2310.0,154563.71,-0.93,534.88,139.94,11.44,450.15,389.41,1482.86,889.72,444.86,35.0,300.0,0.01
2024-12-01,3,8.09,2324.34,2310.0,-115983.02,-0.89,532.46,137.08,19.12,588.16,351.85,1597.22,958.33,479.17,35.0,300.0,0.01
2024-12-01,1,7.64,2305.54,2310.0,34082.76,-0.88,536.71,130.24,17.73,572.12,469.61,1527.9,916.74,458.37,35.0,0.0,0.01
2024-12-02,2,7.5,2311.66,2310.0,-12433.75,-0.9,539.7,137.52,13.06,595.53,402.32,1410.75,846.45,423.23,35.0,0.0,0.02
2024-12-02,3,7.49,2305.11,2305.27,1262.46,-0.89,531.64,135.74,11.0,538.31,383.05,2486.17,1491.7,745.85,45.44,0.0,0.02
2024-12-02,1,7.76,2305.2,2310.0,37243.38,-0.91,538.55,135.94,10.67,581.25,453.17,1367.4,820.44,410.22,35.0,0.0,0.01
2024-12-03,1,7.81,2345.77,2310.0,-279517.51,-0.9,534.53,132.11,22.85,476.47,448.51,1688.34,1013.01,506.5,35.0,0.0,0.02
2024-12-03,3,7.91,2300.69,2310.0,73660.32,-0.89,532.91,137.55,10.2,535.49,477.98,1561.66,937.0,468.5,35.0,0.0,0.01
2024-12-03,2,7.58,2311.52,2310.0,-11506.75,-0.89,536.88,136.56,10.22,530.1,438.47,1497.62,898.57,449.29,35.0,0.0,0.01
2024-12-04,1,8.47,2296.29,2310.0,116065.53,-0.93,536.84,133.58,22.65,615.23,478.3,1579.41,947.65,473.82,35.0,0.0,0.01
2024-12-04,3,7.92,2300.66,2310.0,73961.34,-0.93,530.07,135.19,19.68,493.82,462.63,1669.0,1001.4,500.7,35.0,0.0,0.01
2024-12-04,2,7.72,2307.99,2310.0,15524.24,-0.89,534.97,137.13,22.48,533.23,370.39,1682.94,1009.76,504.88,35.0,0.0,0.01
2024-12-05,2,8.13,2301.9,2310.0,65861.79,-0.89,539.73,136.82,24.26,594.93,448.56,1406.01,843.6,421.8,35.0,0.0,0.02
2024-12-05,3,8.1,2298.67,2310.0,91766.44,-0.93,533.39,128.15,21.92,633.02,351.26,1417.49,850.49,425.25,35.0,0.0,0.02
2024-12-05,1,7.7,2307.7,2310.0,17702.36,-0.91,538.28,132.13,16.54,639.7,430.9,1356.1,813.66,406.83,35.0,0.0,0.02
2024-12-06,2,7.91,2340.82,2310.0,-243707.56,-0.93,537.8,128.18,15.42,620.35,370.02,1496.88,898.13,449.06,35.0,0.0,0.02
2024-12-06,3,8.09,2299.02,2310.0,88863.04,-0.92,540.45,137.46,20.68,481.94,430.93,1598.72,959.23,479.62,35.0,0.0,0.01
2024-12-06,1,8.27,2299.96,2305.11,42611.5,-0.91,534.41,138.76,11.13,610.71,434.03,2486.17,1491.7,745.85,45.44,0.0,0.02
2024-12-07,2,8.27,2302.38,2310.0,63027.01,-0.93,535.11,139.07,24.37,575.14,375.11,1619.87,971.92,485.96,35.0,0.0,0.02
2024-12-07,3,8.33,2284.61,2310.0,211524.12,-0.89,540.56,133.75,10.61,516.81,461.58,1699.68,1019.81,509.9,35.0,0.0,0.01
2024-12-07,1,8.4,2295.4,2310.0,122628.61,-0.89,540.51,128.79,14.61,530.09,385.88,1332.93,799.76,399.88,35.0,0.0,0.02
2024-12-08,3,7.68,2306.39,2310.0,27747.47,-0.91,541.7,130.36,24.41,613.57,446.93,1685.88,1011.53,505.76,35.0,0.0,0.01
2024-12-08,1,8.24,2299.39,2310.0,87491.19,-0.89,540.43,131.32,12.23,643.76,420.5,1429.55,857.73,428.86,35.0,0.0,0.01
2024-12-08,2,8.21,2304.51,2310.0,45092.11,-0.88,534.97,136.71,23.22,582.08,354.97,1516.04,909.62,454.81,35.0,0.0,0.01
2024-12-09,2,8.35,2339.4,2310.0,-245630.7,-0.93,540.66,132.04,12.3,649.92,371.87,1386.66,832.0,416.0,35.0,0.0,0.01
2024-12-09,3,8.28,2317.19,2310.0,-59514.43,-0.88,538.75,134.98,15.57,587.58,472.65,1372.29,823.38,411.69,35.0,0.0,0.02
2024-12-09,1,7.99,2293.97,2310.0,128077.74,-0.88,539.92,131.53,10.0,498.21,426.4,1325.23,795.14,397.57,35.0,0.0,0.02
2024-12-10,2,8.26,2341.17,2310.0,-257403.79,-0.93,539.6,132.53,11.47,595.15,446.45,1671.71,1003.03,501.51,35.0,0.0,0.01
2024-12-10,3,7.94,2281.79,2310.0,224064.2,-0.92,540.64,134.15,23.23,487.51,450.92,1347.88,808.73,404.36,35.0,0.0,0.01
2024-12-10,1,7.75,2307.6,2310.0,18603.85,-0.94,535.75,132.7,24.3,561.86,376.39,1611.65,966.99,483.5,35.0,0.0,0.02
2024-12-11,1,7.58,2308.06,2305.11,-22365.69,-0.93,537.14,138.29,16.63,580.73,426.78,2486.17,1491.7,745.85,45.44,0.0,0.01
2024-12-11,2,7.88,2307.98,2305.13,-22425.2,-0.9,530.12,137.18,15.01,641.24,429.32,2486.17,1491.7,745.85,45.44,0.0,0.02
2024-12-11,3,7.91,2302.59,2310.0,58615.16,-0.91,532.96,133.24,23.69,457.9,467.65,1431.21,858.72,429.36,35.0,0.0,0.02
2024-12-12,2,7.93,2305.98,2310.0,31837.65,-0.93,537.37,130.11,16.36,542.14,444.28,1625.84,975.51,487.75,35.0,0.0,0.02
2024-12-12,1,7.84,2324.4,2310.0,-112839.9,-0.91,538.61,128.22,18.52,556.23,478.06,1614.84,968.9,484.45,35.0,0.0,0.02
2024-12-12,3,7.79,2306.39,2310.0,28148.58,-0.91,539.63,130.78,20.93,534.39,368.58,1568.93,941.36,470.68,35.0,0.0,0.01
2024-12-13,2,7.91,2307.58,2310.0,19161.83,-0.91,534.91,134.41,21.47,451.81,442.18,1585.32,951.19,475.6,35.0,0.0,0.02
2024-12-13,3,7.93,2303.63,2310.0,50495.32,-0.89,535.64,138.9,14.84,602.21,459.24,1548.18,928.91,464.45,35.0,0.0,0.01
2024-12-13,1,7.73,2305.35,2310.0,35922.4,-0.9,541.42,133.25,11.31,600.12,360.46,1464.17,878.5,439.25,35.0,0.0,0.02
2024-12-14,1,7.79,2306.21,2310.0,29518.72,-0.89,530.41,128.88,23.98,644.01,418.93,1692.56,1015.53,507.77,35.0,0.0,0.02
2024-12-14,2,8.26,2293.3,2310.0,137994.35,-0.88,535.18,131.71,20.57,476.16,374.22,1650.44,990.26,495.13,35.0,0.0,0.01
2024-12-14,3,8.02,2303.4,2310.0,52952.97,-0.9,535.03,139.74,17.62,601.06,407.56,1382.0,829.2,414.6,35.0,0.0,0.01
2024-12-15,2,7.43,2314.39,2305.13,-68856.49,-0.93,539.24,138.34,12.76,477.01,374.36,2486.17,1491.7,745.85,45.44,0.0,0.01
2024-12-15,1,7.86,2309.9,2310.0,768.5,-0.9,533.4,129.94,13.6,531.21,454.7,1665.59,999.36,499.68,35.0,300.0,0.01
2024-12-15,3,7.94,2346.79,2310.0,-291962.16,-0.92,531.48,139.22,14.35,614.57,431.4,1498.53,899.12,449.56,35.0,300.0,0.02
2024-12-16,1,7.96,2306.8,2310.0,25464.69,-0.93,531.25,136.14,16.21,642.93,439.4,1568.45,941.07,470.53,35.0,0.0,0.02
2024-12-16,2,7.87,2316.68,2310.0,-52575.76,-0.92,533.05,138.49,21.23,476.08,369.95,1492.49,895.49,447.75,35.0,0.0,0.01
2024-12-16,3,7.88,2329.38,2310.0,-152823.93,-0.94,531.46,135.92,17.09,467.13,432.79,1536.72,922.03,461.02,35.0,0.0,0.01
2024-12-17,1,7.93,2316.17,2310.0,-48918.74,-0.91,540.98,129.61,15.51,547.92,419.07,1310.3,786.18,393.09,35.0,0.0,0.01
2024-12-17,3,7.9,2303.89,2310.0,48292.73,-0.91,532.19,131.62,24.57,533.18,447.7,1456.56,873.94,436.97,35.0,0.0,0.02
2024-12-17,2,8.28,2287.81,2310.0,183642.46,-0.93,540.58,136.92,15.09,455.51,368.18,1582.34,949.4,474.7,35.0,0.0,0.02
2024-12-18,2,8.2,2304.34,2305.13,6456.89,-0.93,534.46,138.3,10.09,534.9,458.9,2486.17,1491.7,745.85,45.44,0.0,0.01
2024-12-18,1,7.8,2306.75,2310.0,25340.24,-0.92,540.4,134.06,11.45,585.31,458.98,1619.75,971.85,485.92,35.0,0.0,0.02
2024-12-18,3,8.03,2305.27,2310.0,37955.96,-0.88,532.39,135.86,15.56,520.9,418.11,1326.84,796.1,398.05,35.0,0.0,0.01
2024-12-19,3,8.02,2342.23,2310.0,-258341.66,-0.9,538.2,138.35,23.02,517.39,354.71,1554.51,932.71,466.35,35.0,0.0,0.01
2024-12-19,2,8.11,2304.84,2310.0,41867.83,-0.91,532.78,134.8,23.33,595.93,386.82,1349.49,809.7,404.85,35.0,0.0,0.01
2024-12-19,1,7.87,2307.85,2310.0,16911.62,-0.93,533.37,138.2,22.43,542.49,453.95,1441.5,864.9,432.45,35.0,0.0,0.02
2024-12-20,3,7.96,2304.49,2310.0,43865.65,-0.92,533.65,138.32,20.88,529.44,438.05,1500.19,900.11,450.06,35.0,0.0,0.02
2024-12-20,1,8.14,2334.49,2310.0,-199470.37,-0.91,541.44,131.35,18.26,495.01,398.22,1370.58,822.35,411.17,35.0,0.0,0.02
2024-12-20,2,8.18,2330.2,2310.0,-165168.52,-0.91,531.96,136.66,22.35,590.83,407.56,1670.34,1002.2,501.1,35.0,0.0,0.01
2024-12-21,2,8.43,2299.75,2310.0,86406.4,-0.92,534.49,128.14,11.92,620.6,412.8,1604.45,962.67,481.34,35.0,0.0,0.01
2024-12-21,3,7.38,2310.13,2310.0,-960.28,-0.9,537.03,132.02,13.55,611.37,439.09,1496.18,897.71,448.85,35.0,0.0,0.02
2024-12-21,1,8.37,2297.49,2305.11,63763.09,-0.91,539.4,128.64,18.53,633.19,415.1,2486.17,1491.7,745.85,45.44,0.0,0.02
2024-12-22,1,8.48,2295.67,2305.11,80006.97,-0.89,534.78,138.19,21.09,580.34,440.19,2486.17,1491.7,745.85,45.44,0.0,0.02
2024-12-22,3,8.37,2288.2,2310.0,182426.89,-0.91,530.05,136.33,10.63,487.36,460.44,1409.6,845.76,422.88,35.0,0.0,0.01
2024-12-22,2,8.26,2290.26,2310.0,163049.13,-0.92,539.39,132.78,21.74,501.36,385.76,1399.05,839.43,419.72,35.0,0.0,0.02
2024-12-23,3,7.99,2306.89,2310.0,24828.16,-0.89,533.03,131.23,16.61,609.24,371.07,1651.7,991.02,495.51,35.0,0.0,0.01
2024-12-23,2,7.83,2305.77,2310.0,33147.3,-0.94,532.22,135.65,12.79,552.31,372.94,1686.41,1011.84,505.92,35.0,0.0,0.01
2024-12-23,1,7.93,2329.66,2310.0,-155890.71,-0.91,535.38,134.75,23.7,611.7,448.66,1460.72,876.43,438.22,35.0,0.0,0.01
2024-12-24,3,8.02,2307.19,2310.0,22576.53,-0.9,540.3,139.0,11.1,513.83,447.52,1406.75,844.05,422.03,35.0,0.0,0.02
2024-12-24,2,8.15,2305.32,2310.0,38134.67,-0.9,533.59,132.52,18.02,496.2,399.26,1488.42,893.05,446.52,35.0,0.0,0.02
2024-12-24,1,7.92,2302.18,2310.0,61927.45,-0.91,541.36,130.67,11.69,627.27,351.3,1542.95,925.77,462.88,35.0,0.0,0.01
2024-12-25,3,7.76,2306.06,2310.0,30523.95,-0.9,535.73,129.82,11.88,461.94,405.4,1422.85,853.71,426.85,35.0,0.0,0.02
2024-12-25,2,8.19,2306.24,2310.0,30781.73,-0.92,534.88,137.5,22.88,581.8,364.47,1384.71,830.83,415.41,35.0,0.0,0.02
2024-12-25,1,8.06,2300.63,2310.0,75528.67,-0.91,539.74,129.32,17.57,529.76,355.49,1651.06,990.63,495.32,35.0,0.0,0.02
2024-12-26,3,8.09,2320.09,2310.0,-81668.61,-0.91,533.66,132.35,15.48,543.96,420.74,1400.38,840.23,420.11,35.0,0.0,0.02
2024-12-26,2,8.2,2308.17,2310.0,14986.56,-0.9,537.73,128.28,20.16,600.06,380.42,1469.81,881.89,440.94,35.0,0.0,0.01
2024-12-26,1,7.8,2308.68,2310.0,10272.8,-0.9,537.12,131.26,22.49,642.09,422.59,1547.63,928.58,464.29,35.0,0.0,0.02
2024-12-27,3,8.28,2348.74,2310.0,-320612.67,-0.91,537.93,130.74,12.77,598.38,437.01,1333.72,800.23,400.12,35.0,0.0,0.01
2024-12-27,2,8.28,2336.53,2310.0,-219572.33,-0.88,533.3,129.05,17.4,629.36,470.87,1367.45,820.47,410.23,35.0,0.0,0.01
2024-12-27,1,7.44,2313.38,2310.0,-25157.43,-0.88,533.75,132.64,20.95,649.71,378.37,1317.44,790.47,395.23,35.0,0.0,0.02
2024-12-28,3,7.93,2301.6,2310.0,66636.8,-0.94,536.68,134.95,19.78,494.84,411.63,1419.61,851.77,425.88,35.0,0.0,0.02
2024-12-28,1,7.76,2309.2,2310.0,6168.35,-0.89,541.91,134.09,16.09,587.16,425.69,1573.07,943.84,471.92,35.0,0.0,0.02
2024-12-28,2,7.81,2293.54,2310.0,128570.71,-0.89,533.59,130.31,11.98,579.71,463.19,1607.89,964.74,482.37,35.0,0.0,0.01
2024-12-29,2,7.95,2308.12,2310.0,14947.63,-0.93,534.45,137.16,12.27,585.29,432.56,1589.42,953.65,476.83,35.0,0.0,0.01
2024-12-29,1,7.95,2340.8,2310.0,-244953.94,-0.94,534.68,138.8,19.55,630.66,403.32,1579.29,947.58,473.79,35.0,0.0,0.01
2024-12-29,3,7.69,2307.4,2310.0,19983.53,-0.94,535.83,138.06,16.42,482.42,466.47,1431.62,858.97,429.49,35.0,0.0,0.02
2024-12-30,3,7.97,2305.48,2310.0,36005.3,-0.89,539.06,128.11,19.56,605.34,428.08,1622.88,973.73,486.86,35.0,0.0,0.01
2024-12-30,2,8.39,2302.06,2310.0,66571.96,-0.91,531.4,129.62,20.4,626.64,418.18,1437.67,862.6,431.3,35.0,0.0,0.02
2024-12-30,1,8.39,2298.94,2310.0,92837.09,-0.9,530.59,131.83,22.84,452.6,455.6,1476.34,885.81,442.9,35.0,0.0,0.01
2024-12-31,2,8.17,2287.44,2310.0,184411.21,-0.92,533.65,136.52,19.38,625.34,473.28,1320.8,792.48,396.24,35.0,0.0,0.01
2024-12-31,1,7.97,2331.73,2310.0,-173278.34,-0.93,530.98,128.42,10.9,515.01,449.57,1578.59,947.15,473.58,35.0,0.0,0.01
2024-12-31,3,7.65,2307.92,2305.27,-20194.4,-0.91,534.14,139.3,21.46,567.17,418.12,2486.17,1491.7,745.85,45.44,0.0,0.02
2025-01-01,3,8.3,2282.4,2310.0,229195.42,-0.92,532.44,134.22,15.5,506.5,460.31,1409.6,845.76,422.88,35.0,300.0,0.02
2025-01-01,2,8.08,2302.76,2310.0,58512.05,-0.9,530.76,131.75,14.4,491.99,466.71,1387.06,832.24,416.12,35.0,300.0,0.01
2025-01-01,1,8.48,2289.4,2310.0,174606.03,-0.92,530.15,128.65,20.1,492.05,419.98,1375.73,825.44,412.72,35.0,300.0,0.02
2025-01-02,1,8.0,2306.07,2310.0,31463.61,-0.92,530.55,131.88,18.85,528.54,380.16,1310.07,786.04,393.02,35.0,0.0,0.01
2025-01-02,3,8.02,2302.47,2310.0,60336.68,-0.92,540.92,129.79,15.36,636.61,458.3,1336.52,801.91,400.96,35.0,0.0,0.02
2025-01-02,2,8.4,2322.17,2310.0,-102192.46,-0.93,540.07,133.8,14.37,573.52,372.61,1310.89,786.53,393.27,35.0,0.0,0.02
2025-01-03,3,7.75,2312.07,2310.0,-16066.21,-0.9,532.75,137.24,13.42,571.44,461.28,1363.08,817.85,408.92,35.0,0.0,0.02
2025-01-03,1,8.46,2294.0,2310.0,135313.76,-0.92,531.07,138.86,23.41,575.78,392.17,1469.26,881.55,440.78,35.0,0.0,0.01
2025-01-03,2,8.26,2304.54,2310.0,45066.46,-0.92,540.23,139.84,21.93,462.56,463.47,1543.09,925.86,462.93,35.0,0.0,0.02
2025-01-04,1,8.41,2299.2,2302.8,30211.39,-0.91,535.37,132.13,16.1,632.92,396.21,2486.17,1491.7,745.85,45.44,0.0,0.02
2025-01-04,2,8.4,2300.73,2302.72,16697.9,-0.91,531.61,134.25,17.28,468.21,382.7,2486.17,1491.7,745.85,45.44,0.0,0.02
2025-01-04,3,8.08,2305.78,2305.49,-2296.24,-0.89,541.5,133.29,18.11,579.64,440.31,2486.17,1491.7,745.85,45.44,0.0,0.02
2025-01-05,2,8.29,2302.72,2310.0,60368.48,-0.91,535.14,128.05,20.69,557.97,390.75,1665.29,999.18,499.59,35.0,0.0,0.02
2025-01-05,3,7.69,2312.15,2310.0,-16502.67,-0.93,538.83,136.71,18.58,510.52,413.65,1539.89,923.94,461.97,35.0,0.0,0.01
2025-01-05,1,8.42,2283.47,2310.0,223466.1,-0.89,537.25,131.36,17.57,596.12,451.41,1552.61,931.56,465.78,35.0,0.0,0.01
2025-01-06,2,8.2,2310.59,2310.0,-4830.02,-0.91,533.4,129.74,19.45,570.06,477.0,1387.09,832.25,416.13,35.0,0.0,0.02
2025-01-06,3,8.41,2334.64,2310.0,-207261.01,-0.91,535.61,130.94,13.63,560.86,424.74,1429.52,857.71,428.86,35.0,0.0,0.01
2025-01-06,1,7.89,2345.59,2310.0,-280696.23,-0.92,539.92,133.09,13.32,594.14,370.88,1592.54,955.52,477.76,35.0,0.0,0.01
2025-01-07,1,8.4,2298.99,2310.0,92474.85,-0.9,533.03,132.24,23.51,557.77,388.82,1338.01,802.81,401.4,35.0,0.0,0.01
2025-01-07,2,8.41,2299.79,2310.0,85874.7,-0.89,531.7,136.24,23.54,566.59,451.38,1475.23,885.14,442.57,35.0,0.0,0.02
2025-01-07,3,8.07,2302.9,2310.0,57287.13,-0.89,539.11,139.38,17.81,525.58,463.24,1379.58,827.75,413.88,35.0,0.0,0.01
2025-01-08,1,8.28,2300.09,2310.0,82062.23,-0.93,540.02,132.25,11.66,535.82,394.85,1342.95,805.77,402.89,35.0,0.0,0.02
2025-01-08,2,8.27,2302.17,2310.0,64766.6,-0.89,535.43,138.96,12.95,573.75,454.94,1674.56,1004.74,502.37,35.0,0.0,0.02
2025-01-08,3,8.18,2304.6,2310.0,44228.72,-0.91,541.76,138.35,24.17,627.45,397.83,1509.65,905.79,452.9,35.0,0.0,0.02
2025-01-09,3,8.17,2302.63,2310.0,60203.82,-0.89,534.72,138.8,17.49,466.03,378.32,1416.61,849.97,424.98,35.0,0.0,0.02
2025-01-09,2,8.4,2300.14,2302.72,21664.53,-0.94,532.51,137.84,18.81,633.81,371.65,2486.17,1491.7,745.85,45.44,0.0,0.02
2025-01-09,1,8.12,2294.67,2310.0,124576.51,-0.91,535.1,135.7,19.89,641.73,391.34,1455.53,873.32,436.66,35.0,0.0,0.01
2025-01-10,2,3.23,2348.76,2310.0,-125091.66,-78.22,399.29,101.06,38.98,568.11,120.28,1396.2,837.72,418.86,35.0,0.0,0.01
2025-01-10,1,7.96,2335.99,2310.0,-206898.65,-0.91,537.68,131.15,17.9,477.49,471.17,1393.37,836.02,418.01,35.0,0.0,0.01
2025-01-10,3,8.2,2302.61,2305.49,23610.72,-0.93,539.52,131.08,21.91,528.63,354.56,2486.17,1491.7,745.85,45.44,0.0,0.01
2025-01-11,1,8.24,2300.86,2310.0,75235.9,-0.93,536.43,134.29,10.88,583.73,393.01,1506.21,903.73,451.86,35.0,0.0,0.01
2025-01-11,2,8.33,2301.58,2310.0,70200.98,-0.93,541.85,139.16,10.37,465.3,393.75,1364.98,818.99,409.49,35.0,0.0,0.01
2025-01-11,3,8.2,2303.88,2310.0,50157.22,-0.93,536.88,129.43,18.38,531.24,471.59,1651.58,990.95,495.47,35.0,0.0,0.02
2025-01-12,1,7.23,2312.6,2310.0,-18810.97,-0.92,534.38,132.89,15.11,639.82,366.26,1396.78,838.07,419.04,35.0,0.0,0.01
2025-01-12,2,8.13,2303.77,2310.0,50605.04,-0.91,538.63,133.74,24.18,550.82,445.09,1477.14,886.29,443.14,35.0,0.0,0.02
2025-01-12,3,8.18,2305.38,2310.0,37794.2,-0.91,530.73,139.85,18.72,487.36,359.03,1536.31,921.79,460.89,35.0,0.0,0.01
2025-01-13,1,8.14,2304.76,2310.0,42678.34,-0.94,538.44,135.76,17.41,599.54,442.0,1330.35,798.21,399.1,35.0,0.0,0.01
2025-01-13,2,7.82,2308.42,2310.0,12358.13,-0.93,536.49,137.71,16.23,489.25,397.0,1611.02,966.61,483.31,35.0,0.0,0.01
2025-01-13,3,7.59,2310.23,2310.0,-1736.43,-0.89,539.04,133.09,22.4,497.77,394.12,1629.09,977.45,488.73,35.0,0.0,0.02
2025-01-14,1,7.77,2305.01,2302.8,-17223.48,-0.92,533.11,130.45,22.97,503.99,385.56,2486.17,1491.7,745.85,45.44,0.0,0.01
2025-01-14,2,8.11,2303.04,2302.72,-2549.33,-0.91,535.24,133.02,14.81,603.68,365.81,2486.17,1491.7,745.85,45.44,0.0,0.01
2025-01-14,3,7.74,2308.9,2310.0,8524.28,-0.89,536.66,136.69,11.81,500.81,407.39,1450.56,870.34,435.17,35.0,0.0,0.01
2025-01-15,2,7.76,2307.19,2310.0,21809.06,-0.92,534.7,128.11,10.18,492.39,476.06,1411.99,847.19,423.6,35.0,0.0,0.01
2025-01-15,3,8.44,2323.59,2310.0,-114707.29,-0.94,539.65,134.87,16.93,584.29,414.04,1567.52,940.51,470.25,35.0,300.0,0.01
2025-01-15,1,8.07,2284.32,2310.0,207235.9,-0.93,540.46,129.33,20.22,494.62,421.01,1343.29,805.97,402.99,35.0,300.0,0.02
2025-01-16,1,7.81,2304.26,2310.0,44858.97,-0.93,533.2,130.02,23.64,508.44,401.69,1425.05,855.03,427.52,35.0,0.0,0.01
2025-01-16,2,7.87,2306.15,2310.0,30284.64,-0.91,540.31,134.12,14.44,473.82,414.73,1333.2,799.92,399.96,35.0,0.0,0.01
2025-01-16,3,8.02,2311.96,2310.0,-15737.39,-0.9,540.86,139.95,15.4,452.46,409.55,1458.76,875.26,437.63,35.0,0.0,0.02
2025-01-17,3,8.29,2343.69,2310.0,-279265.71,-0.94,534.35,139.31,18.19,502.71,365.79,1580.16,948.1,474.05,35.0,0.0,0.02
2025-01-17,1,8.03,2303.93,2310.0,48724.67,-0.92,540.14,131.28,15.88,518.05,426.76,1306.44,783.86,391.93,35.0,0.0,0.02
2025-01-17,2,8.07,2305.1,2310.0,39546.39,-0.9,532.79,136.72,21.26,636.73,401.83,1507.5,904.5,452.25,35.0,0.0,0.02
2025-01-18,2,8.04,2305.58,2302.72,-22943.69,-0.9,539.09,129.43,23.4,631.45,463.56,2486.17,1491.7,745.85,45.44,0.0,0.02
2025-01-18,3,8.2,2305.24,2305.49,2055.38,-0.94,531.94,134.15,21.35,598.06,406.2,2486.17,1491.7,745.85,45.44,0.0,0.01
2025-01-18,1,8.03,2305.53,2310.0,35919.0,-0.88,534.09,135.67,12.62,557.3,425.83,1475.61,885.37,442.68,35.0,0.0,0.02
2025-01-19,1,7.6,2309.36,2310.0,4888.69,-0.93,541.77,128.88,23.85,489.26,434.47,1470.81,882.49,441.24,35.0,0.0,0.01
2025-01-19,2,7.81,2288.75,2310.0,165945.45,-0.91,538.01,132.85,22.7,489.66,468.63,1512.14,907.28,453.64,35.0,0.0,0.01
2025-01-19,3,8.4,2299.66,2310.0,86841.39,-0.92,533.34,138.67,23.93,553.81,396.5,1361.36,816.81,408.41,35.0,0.0,0.01
2025-01-20,1,7.7,2307.91,2310.0,16093.84,-0.89,534.47,136.31,24.47,613.07,438.34,1648.57,989.14,494.57,35.0,0.0,0.02
2025-01-20,2,8.3,2288.25,2310.0,180555.23,-0.93,541.08,131.9,12.31,612.49,443.26,1335.2,801.12,400.56,35.0,0.0,0.01
2025-01-20,3,8.39,2280.84,2310.0,244691.04,-0.91,530.85,137.27,11.41,484.33,398.03,1636.5,981.9,490.95,35.0,0.0,0.02
2025-01-21,1,7.89,2305.26,2310.0,37397.54,-0.92,534.84,131.3,12.68,464.95,475.02,1459.44,875.66,437.83,35.0,0.0,0.02
2025-01-21,3,7.94,2335.33,2310.0,-201241.05,-0.88,541.74,133.04,17.91,573.06,383.86,1379.15,827.49,413.74,35.0,0.0,0.01
2025-01-21,2,8.0,2304.99,2310.0,40074.91,-0.9,531.46,128.38,16.29,571.35,398.23,1381.47,828.88,414.44,35.0,0.0,0.01
2025-01-22,1,7.87,2313.12,2310.0,-24581.55,-0.89,532.59,128.06,16.21,474.88,444.57,1545.21,927.13,463.56,35.0,0.0,0.01
2025-01-22,3,8.09,2304.18,2310.0,47022.82,-0.94,532.4,128.19,20.49,468.55,385.98,1637.36,982.41,491.21,35.0,0.0,0.01
2025-01-22,2,8.04,2340.63,2310.0,-246297.7,-0.91,534.13,130.12,24.19,604.0,368.73,1479.53,887.72,443.86,35.0,0.0,0.02
2025-01-23,2,8.4,2299.87,2310.0,85067.08,-0.92,534.38,135.28,18.79,524.97,455.85,1448.22,868.93,434.47,35.0,0.0,0.01
2025-01-23,1,8.4,2298.54,2310.0,96300.12,-0.94,531.01,133.74,20.53,572.95,425.22,1371.47,822.88,411.44,35.0,0.0,0.02
2025-01-23,3,7.89,2306.06,2310.0,31089.53,-0.92,533.0,130.01,14.78,559.66,375.1,1335.3,801.18,400.59,35.0,0.0,0.01
2025-01-24,2,7.84,2307.3,2310.0,21213.63,-0.91,541.67,130.13,15.02,632.34,469.13,1510.54,906.32,453.16,35.0,0.0,0.02
2025-01-24,3,7.88,2304.52,2310.0,43211.69,-0.88,541.4,128.58,16.47,626.84,466.61,1584.29,950.58,475.29,35.0,0.0,0.02
2025-01-24,1,7.81,2304.86,2310.0,40178.18,-0.9,536.88,133.23,17.88,642.36,475.59,1550.3,930.18,465.09,35.0,0.0,0.02
2025-01-25,2,8.11,2305.79,2310.0,34123.44,-0.91,539.69,138.81,24.13,635.01,472.27,1304.1,782.46,391.23,35.0,0.0,0.02
2025-01-25,3,7.87,2293.89,2310.0,126840.73,-0.9,530.35,136.29,22.1,565.64,391.19,1585.92,951.55,475.78,35.0,0.0,0.02
2025-01-25,1,7.71,2307.85,2310.0,16595.33,-0.9,535.15,135.22,24.12,634.5,364.79,1538.87,923.32,461.66,35.0,0.0,0.02
2025-01-26,1,8.02,2303.82,2310.0,49598.2,-0.91,532.75,133.7,19.51,584.05,406.06,1607.89,964.74,482.37,35.0,0.0,0.02
2025-01-26,2,8.0,2307.63,2310.0,18938.7,-0.91,531.16,132.64,22.0,596.73,420.71,1637.28,982.37,491.18,35.0,0.0,0.01
2025-01-26,3,8.07,2311.11,2310.0,-8978.17,-0.94,531.59,139.96,10.94,586.01,412.98,1474.51,884.71,442.35,35.0,0.0,0.01
2025-01-27,3,8.14,2317.79,2310.0,-63398.28,-0.9,541.14,139.77,14.1,519.75,477.58,1668.99,1001.39,500.7,35.0,0.0,0.02
2025-01-27,1,8.14,2308.67,2310.0,10845.81,-0.9,539.68,129.44,11.1,614.36,391.27,1301.96,781.17,390.59,35.0,0.0,0.01
2025-01-27,2,8.07,2283.01,2310.0,217866.57,-0.89,535.3,131.11,11.28,500.34,363.95,1527.97,916.78,458.39,35.0,0.0,0.02
2025-01-28,2,8.5,2316.32,2310.0,-53725.02,-0.93,536.62,139.74,13.78,643.94,460.61,1571.52,942.91,471.46,35.0,0.0,0.02
2025-01-28,1,8.16,2312.86,2310.0,-23361.57,-0.89,537.84,135.15,10.51,605.1,415.17,1483.91,890.35,445.17,35.0,0.0,0.02
2025-01-28,3,8.45,2346.14,2310.0,-305299.34,-0.93,534.99,132.23,14.65,463.53,398.3,1429.04,857.43,428.71,35.0,0.0,0.01
2025-01-29,2,7.83,2307.38,2310.0,20481.21,-0.9,533.89,134.23,21.28,455.88,474.44,1407.58,844.55,422.27,35.0,0.0,0.01
2025-01-29,1,8.05,2289.11,2310.0,168163.28,-0.88,538.41,129.98,19.85,638.53,404.43,1491.25,894.75,447.38,35.0,0.0,0.01
2025-01-29,3,8.18,2316.7,2310.0,-54820.37,-0.88,530.42,137.36,22.53,466.84,404.75,1400.42,840.25,420.13,35.0,0.0,0.02
2025-01-30,2,8.43,2298.6,2310.0,96081.73,-0.9,539.84,135.46,13.87,483.28,451.04,1407.57,844.54,422.27,35.0,0.0,0.01
2025-01-30,1,8.2,2305.75,2310.0,34866.4,-0.94,538.91,133.42,16.54,493.58,455.09,1556.92,934.15,467.08,35.0,0.0,0.01
2025-01-30,3,8.23,2318.43,2310.0,-69344.71,-0.91,540.84,130.7,17.22,517.42,479.89,1510.83,906.5,453.25,35.0,0.0,0.01
2025-01-31,1,8.4,2298.62,2310.0,95605.44,-0.9,540.51,135.7,21.89,500.91,382.22,1576.06,945.64,472.82,35.0,0.0,0.02
2025-01-31,3,8.27,2319.29,2310.0,-76854.23,-0.92,535.94,140.0,19.21,472.13,422.42,1574.01,944.41,472.2,35.0,0.0,0.02
2025-01-31,2,8.44,2300.04,2310.0,84079.95,-0.93,537.45,134.43,18.21,606.72,377.25,1637.55,982.53,491.27,35.0,0.0,0.01
2025-02-01,3,8.12,2319.55,2320.32,6241.54,-0.89,534.3,130.89,18.18,610.07,441.66,2486.17,1491.7,745.85,45.44,0.0,0.01
2025-02-01,2,8.41,2300.4,2303.65,27409.53,-0.93,536.77,131.69,23.95,611.8,356.06,2486.17,1491.7,745.85,45.44,0.0,0.01
2025-02-01,1,8.41,2299.06,2310.0,91940.61,-0.93,533.95,132.44,19.04,500.14,397.55,1624.06,974.43,487.22,35.0,0.0,0.02
2025-02-02,3,8.11,2321.58,2320.32,-10168.35,-0.89,532.3,130.25,11.48,570.85,470.71,2486.17,1491.7,745.85,45.44,0.0,0.02
2025-02-02,2,8.4,2300.11,2310.0,83104.09,-0.91,539.95,128.97,18.77,513.21,454.77,1540.57,924.34,462.17,35.0,0.0,0.02
2025-02-02,1,7.33,2310.95,2310.0,-6961.06,-0.9,535.88,135.82,10.4,506.04,389.39,1457.57,874.54,437.27,35.0,0.0,0.02
2025-02-03,1,8.41,2297.93,2301.89,33255.53,-0.91,541.02,134.67,13.48,615.43,426.74,2486.17,1491.7,745.85,45.44,0.0,0.02
2025-02-03,3,8.12,2321.42,2320.32,-8910.14,-0.92,536.07,133.01,22.36,505.09,459.9,2486.17,1491.7,745.85,45.44,0.0,0.02
2025-02-03,2,8.4,2300.07,2310.0,83485.46,-0.92,534.67,130.27,18.96,459.31,435.73,1642.69,985.61,492.81,35.0,0.0,0.01
2025-02-04,1,8.19,2307.67,2310.0,19099.9,-0.88,538.78,136.37,11.45,513.86,386.49,1521.49,912.9,456.45,35.0,0.0,0.02
2025-02-04,3,8.07,2320.45,2310.0,-84320.05,-0.93,538.68,130.79,19.83,554.61,381.78,1646.19,987.71,493.86,35.0,0.0,0.02
2025-02-04,2,5.86,2303.26,2303.65,2274.38,-0.9,530.47,138.51,16.23,557.24,396.05,2486.17,1491.7,745.85,45.44,0.0,0.01
2025-02-05,1,8.34,2298.87,2310.0,92887.84,-0.91,530.05,137.3,17.21,519.43,462.68,1674.56,1004.74,502.37,35.0,0.0,0.01
2025-02-05,3,8.42,2315.77,2310.0,-48560.5,-0.9,537.2,129.17,11.9,595.24,441.34,1402.83,841.7,420.85,35.0,0.0,0.02
2025-02-05,2,1.68,2322.86,2310.0,-21573.16,-0.92,541.44,134.54,23.23,589.47,401.9,1420.0,852.0,426.0,35.0,0.0,0.02
2025-02-06,1,8.4,2300.01,2310.0,83968.66,-0.9,534.08,131.7,15.54,539.82,428.73,1604.93,962.96,481.48,35.0,0.0,0.02
2025-02-06,3,8.4,2315.47,2310.0,-45934.7,-0.92,532.17,138.08,12.51,575.92,397.12,1556.23,933.74,466.87,35.0,0.0,0.02
2025-02-06,2,8.15,2335.56,2310.0,-208327.44,-0.94,534.63,137.2,10.56,514.67,384.53,1312.56,787.54,393.77,35.0,0.0,0.01
2025-02-07,1,8.12,2302.72,2310.0,59128.28,-0.91,538.94,134.11,13.75,588.48,448.53,1342.02,805.21,402.61,35.0,0.0,0.01
2025-02-07,2,8.26,2303.98,2310.0,49702.58,-0.92,538.59,131.83,20.89,555.96,433.71,1473.8,884.28,442.14,35.0,0.0,0.02
2025-02-07,3,8.12,2319.13,2320.32,9678.76,-0.93,539.11,129.97,11.34,524.29,422.0,2486.17,1491.7,745.85,45.44,0.0,0.01
2025-02-08,1,8.32,2301.09,2310.0,74178.16,-0.88,532.56,132.7,23.47,623.77,397.22,1442.71,865.63,432.81,35.0,0.0,0.02
2025-02-08,2,8.33,2303.3,2310.0,55761.44,-0.92,536.27,133.72,19.6,561.49,429.88,1505.06,903.04,451.52,35.0,0.0,0.02
2025-02-08,3,8.37,2327.57,2310.0,-147046.81,-0.91,541.91,138.2,20.14,590.22,390.23,1575.94,945.57,472.78,35.0,0.0,0.01
2025-02-09,3,8.11,2325.32,2310.0,-124234.94,-0.92,541.63,136.15,13.12,593.91,438.72,1609.54,965.72,482.86,35.0,0.0,0.02
2025-02-09,2,6.59,2297.08,2310.0,85214.6,-89.38,539.25,120.13,67.32,1106.17,302.64,1512.48,907.49,453.74,35.0,0.0,0.01
2025-02-09,1,8.26,2300.8,2301.89,8954.28,-0.9,541.36,129.49,22.11,481.15,466.43,2486.17,1491.7,745.85,45.44,0.0,0.01
2025-02-10,2,-0.01,2330.47,2310.0,131.93,-0.42,231.53,38.61,7.99,0.0,0.0,1588.6,953.16,476.58,35.0,0.0,0.02
2025-02-10,3,8.39,2282.64,2310.0,229562.43,-0.88,531.01,135.91,19.73,474.15,449.48,1509.7,905.82,452.91,35.0,0.0,0.01
2025-02-10,1,8.41,2298.8,2310.0,94270.09,-0.91,534.4,131.59,20.96,518.12,417.14,1403.57,842.14,421.07,35.0,0.0,0.02
2025-02-11,2,8.41,2301.34,2303.65,19425.53,-0.9,537.09,139.47,24.16,561.77,461.76,2486.17,1491.7,745.85,45.44,0.0,0.01
2025-02-11,3,8.03,2340.02,2310.0,-241120.43,-0.89,539.0,129.64,15.4,526.61,467.31,1434.66,860.8,430.4,35.0,0.0,0.02
2025-02-11,1,8.42,2299.95,2310.0,84593.12,-0.91,538.03,139.96,11.4,554.28,421.41,1454.35,872.61,436.3,35.0,0.0,0.02
2025-02-12,1,8.4,2297.34,2310.0,106393.28,-0.92,533.46,136.37,20.21,553.75,448.13,1386.44,831.86,415.93,35.0,0.0,0.02
2025-02-12,2,8.43,2301.47,2310.0,71928.33,-0.89,532.69,139.78,19.1,483.5,422.51,1655.29,993.17,496.59,35.0,0.0,0.02
2025-02-12,3,8.2,2324.1,2310.0,-115584.32,-0.9,533.02,128.05,16.1,499.94,355.58,1577.98,946.79,473.39,35.0,0.0,0.01
2025-02-13,1,8.25,2301.01,2310.0,74124.19,-0.89,530.87,139.44,12.52,622.57,458.35,1640.6,984.36,492.18,35.0,0.0,0.01
2025-02-13,2,7.72,2309.65,2310.0,2735.43,-0.93,534.76,136.39,13.12,584.49,392.37,1478.25,886.95,443.48,35.0,0.0,0.02
2025-02-13,3,8.1,2321.53,2310.0,-93401.43,-0.92,532.06,135.56,17.27,551.62,367.33,1642.97,985.78,492.89,35.0,0.0,0.01
2025-02-14,3,7.89,2332.37,2310.0,-176412.39,-0.94,541.32,132.13,17.03,486.93,478.66,1534.58,920.75,460.37,35.0,0.0,0.02
2025-02-14,1,8.32,2320.15,2310.0,-84424.27,-0.93,538.51,136.21,17.69,452.29,395.96,1523.72,914.23,457.12,35.0,0.0,0.02
2025-02-14,2,8.31,2303.74,2303.65,-725.55,-0.93,534.91,138.91,24.92,462.01,468.46,2486.17,1491.7,745.85,45.44,0.0,0.01
2025-02-15,3,7.99,2319.81,2310.0,-78390.51,-0.93,536.52,134.94,23.42,508.25,410.84,1570.98,942.59,471.29,35.0,0.0,0.01
2025-02-15,1,8.06,2303.99,2310.0,48406.73,-0.91,533.79,132.53,16.35,603.67,447.39,1571.59,942.96,471.48,35.0,0.0,0.02
2025-02-15,2,8.08,2284.28,2310.0,207718.76,-0.93,541.79,137.42,16.7,540.63,394.14,1625.57,975.34,487.67,35.0,300.0,0.02
2025-02-16,2,7.99,2308.23,2303.65,-36561.35,-0.92,537.86,132.52,18.37,451.85,462.94,2486.17,1491.7,745.85,45.44,0.0,0.01
2025-02-16,1,8.38,2301.17,2310.0,73959.66,-0.94,540.51,137.56,23.3,608.42,428.64,1422.15,853.29,426.65,35.0,0.0,0.01
2025-02-16,3,7.77,2328.76,2310.0,-145754.29,-0.9,536.44,133.46,21.23,557.56,352.88,1456.47,873.88,436.94,35.0,0.0,0.02
2025-02-17,2,8.17,2309.86,2310.0,1178.17,-0.94,538.57,135.26,15.1,483.3,382.46,1523.59,914.15,457.08,35.0,0.0,0.01
2025-02-17,1,8.23,2302.51,2310.0,61649.12,-0.92,537.23,138.11,23.17,523.52,362.1,1547.42,928.45,464.23,35.0,0.0,0.02
2025-02-17,3,7.93,2319.25,2310.0,-73344.62,-0.94,530.09,135.18,20.28,629.59,463.32,1586.01,951.6,475.8,35.0,0.0,0.02
2025-02-18,3,7.98,2340.74,2310.0,-245158.73,-0.9,539.47,139.03,12.43,646.49,425.68,1346.29,807.77,403.89,35.0,0.0,0.01
2025-02-18,2,8.12,2287.69,2310.0,181275.75,-0.92,540.89,128.51,17.62,623.88,478.12,1379.92,827.95,413.98,35.0,0.0,0.02
2025-02-18,1,8.18,2339.82,2310.0,-244023.54,-0.94,533.02,131.39,18.34,550.02,458.57,1689.68,1013.81,506.9,35.0,0.0,0.01
2025-02-19,2,7.94,2287.51,2310.0,178537.3,-0.9,532.35,130.77,11.71,633.7,467.52,1684.93,1010.96,505.48,35.0,0.0,0.01
2025-02-19,3,7.9,2327.69,2310.0,-139736.43,-0.92,536.37,133.32,15.37,534.15,428.08,1544.94,926.96,463.48,35.0,0.0,0.01
2025-02-19,1,8.45,2303.84,2301.89,-16490.07,-0.9,539.19,137.56,14.3,494.59,463.66,2486.17,1491.7,745.85,45.44,0.0,0.02
2025-02-20,1,5.56,2324.04,2301.89,-123204.98,-0.92,536.27,129.87,12.46,581.66,396.49,2486.17,1491.7,745.85,45.44,0.0,0.02
2025-02-20,3,8.06,2289.8,2310.0,162834.21,-0.89,531.55,139.76,14.81,498.2,398.19,1568.64,941.18,470.59,35.0,0.0,0.02
2025-02-20,2,5.14,2314.07,2303.65,-53542.21,-0.9,530.66,134.56,14.28,502.76,387.8,2486.17,1491.7,745.85,45.44,0.0,0.01
2025-02-21,1,8.1,2320.98,2310.0,-88906.42,-0.92,538.9,130.57,20.4,601.43,447.93,1519.91,911.95,455.97,35.0,0.0,0.01
2025-02-21,3,8.17,2324.56,2310.0,-118912.9,-0.92,540.17,130.59,16.97,479.84,427.25,1668.6,1001.16,500.58,35.0,0.0,0.02
2025-02-21,2,8.32,2298.17,2310.0,98437.28,-0.88,533.95,139.26,23.1,603.01,439.36,1468.6,881.16,440.58,35.0,0.0,0.01
2025-02-22,3,8.35,2321.31,2320.32,-8230.99,-0.94,538.75,139.44,11.69,564.68,377.08,2486.17,1491.7,745.85,45.44,0.0,0.02
2025-02-22,2,8.27,2308.82,2303.65,-42775.28,-0.93,530.02,139.47,14.92,544.23,418.28,2486.17,1491.7,745.85,45.44,0.0,0.02
2025-02-22,1,8.27,2308.95,2310.0,8661.12,-0.93,531.03,134.78,10.27,629.19,398.44,1642.36,985.42,492.71,35.0,0.0,0.01
2025-02-23,3,8.44,2309.4,2310.0,5099.82,-0.91,534.4,132.88,22.7,531.99,380.95,1442.79,865.68,432.84,35.0,0.0,0.01
2025-02-23,2,7.81,2302.48,2310.0,58771.34,-0.94,531.3,136.85,20.2,625.15,448.4,1674.21,1004.53,502.26,35.0,0.0,0.02
2025-02-23,1,8.27,2311.66,2310.0,-13756.55,-0.93,541.38,135.15,15.92,454.41,420.49,1537.39,922.44,461.22,35.0,0.0,0.01
2025-02-24,3,7.7,2337.14,2310.0,-209092.41,-0.92,536.47,135.67,15.09,540.56,390.34,1394.39,836.64,418.32,35.0,0.0,0.01
2025-02-24,2,8.23,2317.61,2310.0,-62637.81,-0.89,539.77,130.31,20.21,463.03,446.64,1480.06,888.04,444.02,35.0,0.0,0.02
2025-02-24,1,7.99,2305.84,2310.0,33261.44,-0.93,541.85,129.44,15.56,497.76,382.35,1339.64,803.79,401.89,35.0,0.0,0.01
2025-02-25,1,8.43,2312.95,2310.0,-24858.25,-0.93,534.05,135.46,19.7,626.01,396.26,1490.25,894.15,447.08,35.0,0.0,0.01
2025-02-25,2,8.11,2301.09,2310.0,72263.36,-0.92,535.93,137.36,22.91,456.31,375.62,1360.19,816.11,408.06,35.0,0.0,0.02
2025-02-25,3,7.87,2325.06,2310.0,-118509.21,-0.91,536.7,129.09,22.17,591.28,445.66,1329.07,797.44,398.72,35.0,0.0,0.01
2025-02-26,1,8.23,2337.43,2310.0,-225596.17,-0.88,533.1,129.43,23.14,646.58,370.98,1652.2,991.32,495.66,35.0,0.0,0.02
2025-02-26,3,8.5,2345.17,2310.0,-298931.76,-0.89,530.15,131.78,20.94,607.71,424.86,1493.81,896.29,448.14,35.0,0.0,0.01
2025-02-26,2,8.39,2318.87,2303.65,-127625.37,-0.92,532.18,137.3,17.23,611.19,384.52,2486.17,1491.7,745.85,45.44,0.0,0.02
2025-02-27,1,8.4,2314.28,2310.0,-35963.17,-0.9,536.79,137.32,12.96,510.69,367.09,1674.66,1004.8,502.4,35.0,0.0,0.02
2025-02-27,2,8.4,2318.23,2310.0,-69094.29,-0.92,536.62,129.15,13.19,550.28,374.17,1498.1,898.86,449.43,35.0,0.0,0.02
2025-02-27,3,8.0,2334.01,2310.0,-191963.43,-0.92,541.13,134.6,18.88,487.39,433.83,1657.29,994.37,497.19,35.0,0.0,0.02
2025-02-28,3,8.02,2339.85,2320.32,-156518.2,-0.91,537.09,138.65,22.76,588.3,465.89,2486.17,1491.7,745.85,45.44,0.0,0.01
2025-02-28,1,8.44,2319.74,2310.0,-82170.69,-0.91,538.84,132.45,22.85,487.0,353.16,1680.23,1008.14,504.07,35.0,0.0,0.02
2025-02-28,2,8.41,2324.37,2310.0,-120849.81,-0.88,536.76,131.67,11.81,559.63,426.6,1646.38,987.83,493.91,35.0,0.0,0.01
2025-03-01,1,8.1,2321.64,2310.0,-94298.99,-0.9,533.91,130.48,21.29,484.01,367.33,1624.16,974.5,487.25,35.0,0.0,0.02
2025-03-01,2,8.14,2326.57,2310.0,-134933.27,-0.91,537.56,139.24,14.64,456.12,470.59,1573.11,943.86,471.93,35.0,0.0,0.02
2025-03-01,3,7.96,2337.04,2310.0,-215218.79,-0.93,539.76,136.62,19.59,599.96,401.57,1453.71,872.22,436.11,35.0,0.0,0.02
2025-03-02,3,7.95,2335.74,2310.0,-204542.39,-0.92,534.54,136.83,24.21,624.26,471.45,1362.62,817.57,408.79,35.0,0.0,0.02
2025-03-02,2,7.64,2333.5,2310.0,-179526.58,-0.91,540.4,128.91,18.08,461.42,390.96,1480.85,888.51,444.25,35.0,0.0,0.01
2025-03-02,1,8.12,2318.35,2310.0,-67835.41,-0.92,530.45,134.19,10.47,471.44,402.76,1504.34,902.6,451.3,35.0,0.0,0.01
2025-03-03,1,8.28,2317.87,2310.0,-65170.13,-0.88,531.23,137.79,16.21,460.92,370.98,1345.43,807.26,403.63,35.0,0.0,0.01
2025-03-03,3,8.33,2332.74,2310.0,-189404.97,-0.91,531.33,138.96,20.77,505.52,390.14,1696.58,1017.95,508.97,35.0,0.0,0.02
2025-03-03,2,8.28,2325.77,2310.0,-130649.36,-0.92,536.2,130.15,19.52,563.27,396.93,1351.9,811.14,405.57,35.0,0.0,0.01
2025-03-04,2,8.31,2324.56,2326.96,19965.88,-0.88,537.22,132.59,17.9,521.19,420.05,2486.17,1491.7,745.85,45.44,0.0,0.01
2025-03-04,3,8.45,2309.4,2310.0,5072.22,-0.9,539.91,131.68,17.41,540.03,451.62,1583.69,950.21,475.11,35.0,0.0,0.01
2025-03-04,1,8.09,2319.12,2310.0,-73786.24,-0.93,539.44,138.21,23.47,591.86,433.17,1584.11,950.47,475.23,35.0,0.0,0.02
2025-03-05,3,8.24,2333.22,2332.91,-2545.56,-0.93,531.23,131.6,16.97,500.41,356.24,2486.17,1491.7,745.85,45.44,0.0,0.02
2025-03-05,2,8.09,2327.6,2326.96,-5201.16,-0.88,539.11,130.85,13.29,598.67,411.17,2486.17,1491.7,745.85,45.44,0.0,0.02
2025-03-05,1,8.02,2320.64,2317.01,-29149.29,-0.9,538.57,130.36,11.66,485.22,423.43,2486.17,1491.7,745.85,45.44,0.0,0.02
2025-03-06,3,8.03,2330.32,2310.0,-163146.53,-0.93,532.69,130.79,20.24,487.07,435.07,1499.5,899.7,449.85,35.0,0.0,0.01
2025-03-06,1,8.22,2292.16,2310.0,146685.2,-0.92,539.17,139.43,21.07,623.19,439.3,1412.46,847.48,423.74,35.0,0.0,0.01
2025-03-06,2,8.18,2325.31,2310.0,-125189.74,-0.93,538.7,129.77,15.95,509.76,430.42,1544.18,926.51,463.25,35.0,0.0,0.01
2025-03-07,3,7.97,2340.35,2310.0,-241984.85,-0.93,534.13,132.81,10.36,545.93,472.69,1546.03,927.62,463.81,35.0,0.0,0.02
2025-03-07,1,8.07,2290.95,2310.0,153700.63,-0.88,535.39,130.06,11.05,546.27,443.11,1373.67,824.2,412.1,35.0,0.0,0.02
2025-03-07,2,8.22,2300.41,2310.0,78873.18,-0.93,534.91,138.51,21.29,635.92,465.96,1537.79,922.67,461.34,35.0,0.0,0.02
2025-03-08,1,8.26,2316.13,2310.0,-50651.43,-0.94,536.9,138.19,17.0,596.84,445.51,1541.6,924.96,462.48,35.0,0.0,0.02
2025-03-08,2,8.29,2324.25,2310.0,-118101.46,-0.93,535.66,134.46,13.96,539.07,350.24,1526.45,915.87,457.94,35.0,0.0,0.01
2025-03-08,3,0.0,0.0,2332.91,0.0,-0.91,541.05,130.16,10.19,533.75,468.16,2486.17,1491.7,745.85,45.44,0.0,0.02
2025-03-09,2,8.36,2322.89,2326.96,33990.68,-0.89,538.75,138.6,17.16,460.79,376.6,2486.17,1491.7,745.85,45.44,0.0,0.01
2025-03-09,1,8.14,2319.12,2310.0,-74295.25,-0.92,536.65,137.88,20.05,470.4,422.2,1515.58,909.35,454.68,35.0,0.0,0.02
2025-03-09,3,8.35,2330.17,2310.0,-168395.18,-0.91,534.89,139.34,13.0,594.16,478.2,1442.61,865.57,432.78,35.0,0.0,0.01
2025-03-10,1,8.32,2317.01,2310.0,-58345.16,-0.89,536.32,137.8,14.03,530.24,471.47,1540.08,924.05,462.02,35.0,0.0,0.02
2025-03-10,2,4.81,2326.15,2310.0,-77743.49,-0.89,541.92,130.54,15.18,478.25,468.01,1468.41,881.05,440.52,35.0,0.0,0.02
2025-03-10,3,6.36,2339.64,2310.0,-188599.3,-0.91,539.61,128.21,20.28,566.25,360.1,1442.68,865.61,432.8,35.0,0.0,0.01
2025-03-11,1,8.43,2315.28,2310.0,-44520.74,-0.93,538.84,130.68,21.1,603.43,374.2,1495.2,897.12,448.56,35.0,0.0,0.02
2025-03-11,2,0.0,0.0,2310.0,0.0,-0.89,539.86,137.13,10.44,536.84,443.94,1690.5,1014.3,507.15,35.0,0.0,0.02
2025-03-11,3,8.15,2337.87,2310.0,-227002.02,-0.93,533.93,133.89,15.52,496.1,437.83,1698.96,1019.38,509.69,35.0,0.0,0.01
2025-03-12,3,8.49,2312.48,2310.0,-21034.89,-0.93,533.75,136.74,20.46,627.1,472.16,1447.65,868.59,434.3,35.0,0.0,0.01
2025-03-12,2,0.01,14749.21,2326.96,-113042.49,-0.92,538.41,132.64,24.49,500.29,474.06,2486.17,1491.7,745.85,45.44,458.02,0.01
2025-03-12,1,8.46,2316.09,2317.01,7760.22,-0.9,540.28,130.89,24.63,489.3,411.87,2486.17,1491.7,745.85,45.44,580.06,0.02
2025-03-13,3,8.34,2335.51,2310.0,-212876.66,-0.93,534.89,131.92,20.73,580.47,468.73,1411.21,846.73,423.36,35.0,0.0,0.02
2025-03-13,2,7.92,2336.38,2310.0,-209053.34,-0.93,541.98,128.69,19.59,608.25,406.32,1409.99,846.0,423.0,35.0,0.0,0.01
2025-03-13,1,8.14,2320.96,2310.0,-89270.23,-0.91,536.75,131.1,22.63,624.97,428.76,1479.79,887.87,443.94,35.0,0.0,0.02
2025-03-14,3,7.92,2339.47,2310.0,-233306.15,-0.9,532.33,133.98,13.12,579.08,424.83,1649.32,989.59,494.8,35.0,0.0,0.01
2025-03-14,2,7.56,2334.32,2326.96,-55638.45,-0.92,531.96,128.07,16.08,491.98,359.26,2486.17,1491.7,745.85,45.44,0.0,0.01
2025-03-14,1,8.17,2335.88,2310.0,-211524.1,-0.91,538.85,129.81,24.38,629.84,398.62,1604.93,962.96,481.48,35.0,0.0,0.01
2025-03-15,2,8.05,2325.8,2310.0,-127196.66,-0.91,538.25,130.91,11.75,643.46,369.92,1369.15,821.49,410.75,35.0,300.0,0.02
2025-03-15,3,7.87,2339.44,2332.91,-51406.29,-0.93,530.3,139.11,23.78,554.63,358.89,2486.17,1491.7,745.85,45.44,0.0,0.02
2025-03-15,1,7.83,2324.87,2310.0,-116427.27,-0.92,532.87,135.59,10.38,459.31,393.18,1524.01,914.41,457.2,35.0,0.0,0.01
2025-03-16,1,8.26,2317.94,2317.01,-7723.02,-0.94,540.07,129.94,23.56,629.73,474.16,2486.17,1491.7,745.85,45.44,0.0,0.02
2025-03-16,2,2.51,2338.15,2310.0,-70718.1,-0.92,535.98,137.78,18.64,496.97,459.66,1638.88,983.33,491.66,35.0,0.0,0.01
2025-03-16,3,7.87,2281.14,2310.0,227256.9,-0.89,537.6,129.45,18.52,469.62,416.67,1600.38,960.23,480.11,35.0,0.0,0.02
2025-03-17,2,0.0,0.0,2310.0,0.0,-0.91,536.19,139.53,14.06,522.16,375.72,1520.79,912.47,456.24,35.0,0.0,0.02
2025-03-17,1,8.24,2319.7,2317.01,-22193.23,-0.89,541.64,136.9,19.29,608.39,455.23,2486.17,1491.7,745.85,45.44,0.0,0.01
2025-03-17,3,8.33,2333.06,2310.0,-192154.1,-0.9,535.96,139.56,18.88,590.97,417.12,1342.96,805.77,402.89,35.0,0.0,0.01
2025-03-18,3,8.33,2283.58,2310.0,220131.14,-0.93,541.55,136.4,11.63,517.65,438.32,1533.35,920.01,460.01,35.0,0.0,0.01
2025-03-18,2,8.47,2299.0,2310.0,93198.56,-0.94,530.32,138.59,11.07,518.07,413.29,1556.16,933.69,466.85,35.0,0.0,0.01
2025-03-18,1,8.24,2309.1,2310.0,7406.65,-0.89,537.04,136.4,18.74,589.99,460.89,1471.63,882.98,441.49,35.0,0.0,0.02
2025-03-19,2,8.29,2327.6,2310.0,-145802.46,-0.89,541.54,138.48,18.43,612.76,389.73,1625.53,975.32,487.66,35.0,0.0,0.01
2025-03-19,3,8.36,2318.73,2310.0,-72947.71,-0.89,537.29,130.39,14.09,633.26,375.34,1573.15,943.89,471.95,35.0,0.0,0.01
2025-03-19,1,7.83,2341.89,2310.0,-249780.77,-0.92,535.88,136.34,11.44,527.63,471.1,1478.52,887.11,443.56,35.0,0.0,0.02
2025-03-20,1,8.48,2290.22,2310.0,167715.68,-0.92,530.53,133.1,20.66,571.59,427.43,1357.92,814.75,407.37,35.0,0.0,0.02
2025-03-20,2,8.5,2309.95,2310.0,420.4,-0.9,536.71,133.89,16.11,644.58,436.25,1379.31,827.59,413.79,35.0,0.0,0.01
2025-03-20,3,8.4,2329.63,2332.91,27535.81,-0.88,532.15,132.07,18.99,496.13,431.44,2486.17,1491.7,745.85,45.44,0.0,0.01
2025-03-21,1,8.48,2315.65,2317.01,11499.57,-0.89,539.6,139.42,11.08,604.57,419.95,2486.17,1491.7,745.85,45.44,0.0,0.02
2025-03-21,3,8.41,2327.97,2332.91,41546.98,-0.91,534.76,135.17,23.97,478.62,365.1,2486.17,1491.7,745.85,45.44,0.0,0.01
2025-03-21,2,8.3,2326.96,2326.96,0.0,-0.91,536.63,136.86,13.4,517.79,436.08,2486.17,1491.7,745.85,45.44,0.0,0.02
2025-03-22,2,7.91,2313.99,2310.0,-31572.73,-0.94,533.1,133.9,22.38,595.81,474.3,1452.84,871.7,435.85,35.0,0.0,0.02
2025-03-22,3,7.95,2287.21,2310.0,181135.19,-0.92,539.3,134.59,14.82,557.56,471.24,1535.98,921.59,460.79,35.0,0.0,0.01
2025-03-22,1,8.46,2313.26,2310.0,-27585.22,-0.91,534.17,134.66,22.14,578.36,465.23,1632.5,979.5,489.75,35.0,0.0,0.02
2025-03-23,3,7.37,2339.65,2332.91,-49728.67,-0.92,540.46,136.93,14.13,549.16,354.88,2486.17,1491.7,745.85,45.44,0.0,0.01
2025-03-23,1,8.07,2339.39,2310.0,-237096.79,-0.92,539.44,137.79,10.87,487.65,445.98,1572.3,943.38,471.69,35.0,0.0,0.02
2025-03-23,2,7.77,2331.04,2310.0,-163391.81,-0.92,535.55,130.64,14.43,464.55,353.06,1374.55,824.73,412.37,35.0,0.0,0.01
2025-03-24,2,8.01,2327.91,2326.96,-7624.52,-0.94,539.56,133.09,19.51,467.55,375.4,2486.17,1491.7,745.85,45.44,0.0,0.01
2025-03-24,1,8.48,2314.22,2310.0,-35760.59,-0.89,530.33,129.77,13.72,461.82,410.64,1664.99,998.99,499.5,35.0,0.0,0.02
2025-03-24,3,8.37,2331.33,2332.91,13227.95,-0.94,533.01,132.11,11.08,583.64,351.45,2486.17,1491.7,745.85,45.44,0.0,0.01
2025-03-25,3,8.36,2332.04,2310.0,-184292.04,-0.89,541.92,136.91,10.6,640.39,479.79,1521.57,912.94,456.47,35.0,0.0,0.02
2025-03-25,2,8.26,2328.29,2310.0,-151185.53,-0.93,537.36,132.35,11.18,642.02,359.44,1671.12,1002.67,501.34,35.0,0.0,0.02
2025-03-25,1,8.01,2306.24,2310.0,30125.67,-0.89,539.63,138.66,24.24,479.89,370.63,1564.13,938.48,469.24,35.0,0.0,0.02
2025-03-26,2,7.96,2348.01,2310.0,-302453.76,-0.89,531.73,136.0,12.99,556.21,432.15,1616.16,969.7,484.85,35.0,0.0,0.01
2025-03-26,1,8.37,2315.72,2317.01,10805.86,-0.9,540.87,132.22,17.99,593.33,416.17,2486.17,1491.7,745.85,45.44,0.0,0.01
2025-03-26,3,8.31,2343.47,2310.0,-278292.2,-0.89,530.75,136.84,17.25,537.93,441.07,1617.38,970.43,485.21,35.0,0.0,0.01
2025-03-27,1,8.44,2316.09,2310.0,-51379.89,-0.89,534.11,130.71,18.47,520.67,471.74,1654.84,992.9,496.45,35.0,0.0,0.02
2025-03-27,2,8.4,2324.59,2310.0,-122565.8,-0.89,533.35,139.18,16.78,486.99,462.34,1317.6,790.56,395.28,35.0,0.0,0.02
2025-03-27,3,8.4,2329.27,2310.0,-161897.87,-0.89,533.47,133.88,22.61,546.61,404.48,1682.51,1009.51,504.75,35.0,0.0,0.01
2025-03-28,1,8.43,2315.01,2310.0,-42224.33,-0.91,535.06,136.73,17.08,554.04,430.95,1331.61,798.96,399.48,35.0,0.0,0.02
2025-03-28,2,7.85,2284.41,2310.0,200803.58,-0.93,534.95,135.53,18.67,523.19,377.43,1421.76,853.06,426.53,35.0,0.0,0.02
2025-03-28,3,8.45,2282.99,2310.0,228288.28,-0.91,538.34,133.84,20.16,616.46,353.97,1346.07,807.64,403.82,35.0,0.0,0.01
2025-03-29,1,8.06,2319.93,2317.01,-23517.4,-0.9,534.01,137.53,15.1,546.16,460.81,2486.17,1491.7,745.85,45.44,0.0,0.01
2025-03-29,3,8.29,2334.29,2310.0,-201349.61,-0.89,534.71,132.57,14.43,500.29,380.37,1499.37,899.62,449.81,35.0,0.0,0.01
2025-03-29,2,7.87,2332.16,2310.0,-174380.47,-0.91,535.46,137.86,20.17,592.86,410.13,1438.03,862.82,431.41,35.0,0.0,0.01
2025-03-30,3,8.12,2336.99,2310.0,-219122.43,-0.92,531.87,135.49,12.81,609.17,357.54,1475.57,885.34,442.67,35.0,0.0,0.01
2025-03-30,1,7.46,2324.1,2310.0,-105259.08,-0.92,540.23,137.47,10.56,510.75,466.98,1349.06,809.43,404.72,35.0,0.0,0.02
2025-03-30,2,7.34,2337.41,2310.0,-201091.13,-0.9,537.68,134.79,21.49,607.12,380.93,1334.33,800.6,400.3,35.0,0.0,0.02
2025-03-31,2,7.98,2329.64,2310.0,-156720.95,-0.91,536.96,128.33,13.41,645.1,381.04,1549.53,929.72,464.86,35.0,0.0,0.02
2025-03-31,1,8.07,2320.39,2310.0,-83880.81,-0.89,535.45,128.65,18.03,528.86,443.34,1302.21,781.32,390.66,35.0,0.0,0.02
2025-03-31,3,8.21,2335.14,2310.0,-206448.49,-0.88,533.0,134.12,16.2,543.91,369.08,1688.35,1013.01,506.5,35.0,0.0,0.01
2025-04-01,1,8.15,2323.85,2310.0,-112859.14,-0.93,531.46,129.88,11.98,576.85,447.46,1312.15,787.29,393.65,35.0,0.0,0.01
2025-04-01,2,8.39,2332.28,2310.0,-186868.48,-0.92,538.3,131.62,21.89,544.41,360.21,1616.12,969.67,484.84,35.0,0.0,0.02
2025-04-01,3,8.4,2331.03,2310.0,-176701.71,-0.88,530.54,139.5,10.7,495.16,431.9,1382.88,829.73,414.86,35.0,0.0,0.01
2025-04-02,1,8.46,2318.05,2310.0,-68086.94,-0.91,538.64,138.34,11.94,460.49,422.87,1498.14,898.89,449.44,35.0,0.0,0.02
2025-04-02,3,8.48,2331.45,2310.0,-181849.07,-0.9,539.1,133.96,20.92,480.74,383.36,1649.31,989.59,494.79,35.0,0.0,0.01
2025-04-02,2,8.3,2323.42,2310.0,-111456.66,-0.9,536.94,131.44,23.93,581.1,466.84,1589.74,953.84,476.92,35.0,0.0,0.01
2025-04-03,1,7.25,2325.93,2315.82,-73262.44,-0.88,532.39,136.99,12.24,521.45,464.03,2702.46,1621.47,810.74,45.3,0.0,0.02
2025-04-03,3,8.26,2317.27,2310.0,-60086.08,-0.92,535.99,136.49,12.7,634.26,365.22,1395.8,837.48,418.74,35.0,0.0,0.02
2025-04-03,2,7.25,2330.37,2326.12,-30774.8,-0.89,535.02,134.55,17.65,565.41,462.81,2702.46,1621.47,810.74,45.3,0.0,0.01
2025-04-04,1,7.83,2319.62,2310.0,-75325.8,-0.92,531.23,133.55,12.76,543.01,360.09,1408.28,844.97,422.49,35.0,0.0,0.02
2025-04-04,2,8.11,2329.32,2310.0,-156610.41,-0.91,531.56,136.8,18.97,481.65,474.64,1352.13,811.28,405.64,35.0,0.0,0.02
2025-04-04,3,8.14,2333.73,2310.0,-193032.27,-0.89,537.46,136.94,24.25,518.76,373.05,1530.8,918.48,459.24,35.0,0.0,0.01
2025-04-05,1,8.23,2288.85,2310.0,174027.98,-0.89,535.57,133.06,18.89,541.11,372.19,1661.43,996.86,498.43,35.0,0.0,0.02
2025-04-05,3,8.22,2330.63,2310.0,-169551.57,-0.91,530.94,132.12,14.98,473.75,405.72,1665.68,999.41,499.7,35.0,0.0,0.02
2025-04-05,2,8.38,2293.33,2310.0,139640.89,-0.91,533.04,128.26,19.82,560.66,439.85,1598.57,959.14,479.57,35.0,0.0,0.02
2025-04-06,3,8.29,2329.64,2310.0,-162680.9,-0.9,535.46,130.13,12.78,580.21,479.78,1561.08,936.65,468.33,35.0,0.0,0.01
2025-04-06,1,8.34,2324.57,2310.0,-121568.94,-0.9,538.0,132.34,12.77,649.72,429.85,1646.62,987.97,493.98,35.0,0.0,0.02
2025-04-06,2,8.03,2335.86,2310.0,-207654.45,-0.9,538.67,136.62,17.98,458.92,378.3,1687.25,1012.35,506.17,35.0,0.0,0.02
2025-04-07,1,8.13,2336.31,2310.0,-213898.15,-0.92,540.17,137.46,15.55,625.14,427.08,1550.24,930.15,465.07,35.0,0.0,0.02
2025-04-07,2,8.06,2299.29,2310.0,86289.01,-0.89,534.63,134.28,22.52,580.95,472.5,1335.07,801.04,400.52,35.0,0.0,0.01
2025-04-07,3,8.17,2287.78,2310.0,181460.83,-0.9,535.6,128.69,10.25,461.1,437.39,1438.88,863.33,431.66,35.0,0.0,0.01
2025-04-08,3,7.99,2333.26,2310.0,-185851.54,-0.92,534.02,128.1,18.26,521.88,402.08,1525.48,915.29,457.65,35.0,0.0,0.02
2025-04-08,2,8.31,2326.97,2310.0,-141029.53,-0.91,530.83,135.2,20.99,578.44,388.25,1554.45,932.67,466.33,35.0,0.0,0.01
2025-04-08,1,8.48,2316.55,2310.0,-55540.77,-0.89,536.77,128.18,24.28,559.1,447.43,1465.09,879.05,439.53,35.0,0.0,0.01
2025-04-09,3,7.25,2329.93,2322.91,-50863.22,-0.88,532.46,128.47,22.77,566.84,426.38,2702.46,1621.47,810.74,45.3,0.0,0.02
2025-04-09,1,7.25,2315.86,2315.82,-328.43,-0.93,534.77,130.47,13.46,458.38,453.39,2702.46,1621.47,810.74,45.3,0.0,0.02
2025-04-09,2,7.25,2325.58,2326.12,3951.85,-0.89,533.17,128.01,22.03,550.61,432.0,2702.46,1621.47,810.74,45.3,0.0,0.02
2025-04-10,3,7.94,2319.24,2310.0,-73371.6,-0.9,539.25,129.51,14.75,512.52,371.89,1337.87,802.72,401.36,35.0,0.0,0.02
2025-04-10,2,7.25,2327.99,2326.12,-13578.46,-0.89,533.22,130.91,16.24,459.83,412.72,2702.46,1621.47,810.74,45.3,0.0,0.02
2025-04-10,1,7.25,2321.26,2315.82,-39441.97,-0.89,535.8,139.73,17.25,634.04,395.96,2702.46,1621.47,810.74,45.3,0.0,0.01
2025-04-11,1,7.25,2322.99,2315.82,-51971.74,-0.91,537.88,138.07,13.01,620.73,411.42,2702.46,1621.47,810.74,45.3,590.6,0.01
2025-04-11,2,7.62,2313.87,2310.0,-29472.34,-89.83,538.38,123.08,78.69,1178.35,302.94,1587.4,952.44,476.22,35.0,0.0,0.01
2025-04-11,3,8.36,2342.11,2310.0,-268354.77,-0.91,534.39,128.91,14.44,482.83,460.25,1661.55,996.93,498.47,35.0,0.0,0.01
2025-04-12,1,7.25,2322.16,2315.82,-45972.93,-0.92,530.92,136.74,12.59,453.81,376.3,2702.46,1621.47,810.74,45.3,0.0,0.02
2025-04-12,3,7.85,2282.85,2310.0,213033.79,-0.93,540.24,131.11,23.84,538.33,426.04,1467.21,880.32,440.16,35.0,0.0,0.01
2025-04-12,2,8.03,2330.89,2310.0,-167805.93,-0.92,539.2,130.57,15.7,599.69,428.94,1616.13,969.68,484.84,35.0,0.0,0.02
2025-04-13,3,7.25,2335.79,2322.91,-93383.28,-0.93,537.19,134.88,24.02,458.98,453.24,2702.46,1621.47,810.74,45.3,0.0,0.02
2025-04-13,2,8.47,2311.25,2310.0,-10610.01,-0.89,541.88,135.94,15.63,453.93,415.43,1457.07,874.24,437.12,35.0,0.0,0.01
2025-04-13,1,8.13,2327.41,2310.0,-141461.4,-0.9,536.86,132.33,17.69,638.04,376.87,1697.71,1018.63,509.31,35.0,0.0,0.01
2025-04-14,1,7.84,2349.05,2310.0,-306132.52,-0.9,530.43,130.52,11.85,575.12,465.12,1693.45,1016.07,508.03,35.0,0.0,0.02
2025-04-14,3,8.04,2330.65,2310.0,-165964.98,-0.92,539.15,138.46,16.12,562.38,411.68,1606.43,963.86,481.93,35.0,0.0,0.02
2025-04-14,2,7.25,2329.62,2326.12,-25364.63,-0.94,537.78,135.78,13.15,544.06,474.68,2702.46,1621.47,810.74,45.3,0.0,0.01
2025-04-15,2,7.89,2333.23,2310.0,-183331.15,-0.9,532.68,135.51,20.53,519.29,384.47,1593.94,956.36,478.18,35.0,300.0,0.01
2025-04-15,3,8.21,2282.64,2310.0,224586.66,-0.88,541.91,129.48,18.39,587.8,454.53,1691.71,1015.02,507.51,35.0,300.0,0.01
2025-04-15,1,8.22,2315.43,2310.0,-44629.6,-0.9,533.67,131.67,10.35,518.8,454.97,1547.14,928.28,464.14,35.0,0.0,0.01
2025-04-16,2,7.25,2329.34,2326.12,-23364.23,-0.92,538.48,135.17,20.47,462.9,378.6,2702.46,1621.47,810.74,45.3,0.0,0.01
2025-04-16,3,7.25,2321.3,2322.91,11653.86,-0.9,537.32,132.72,19.57,564.86,351.15,2702.46,1621.47,810.74,45.3,0.0,0.01
2025-04-16,1,7.83,2305.6,2310.0,34505.2,-0.88,537.76,135.49,16.78,491.63,376.18,1387.19,832.31,416.16,35.0,0.0,0.02
2025-04-17,3,8.36,2320.25,2310.0,-85687.39,-0.88,532.23,138.05,20.47,536.63,442.85,1683.5,1010.1,505.05,35.0,0.0,0.02
2025-04-17,1,8.11,2322.55,2310.0,-101753.08,-0.9,530.65,135.74,24.57,617.04,463.39,1509.89,905.93,452.97,35.0,0.0,0.01
2025-04-17,2,8.32,2326.24,2310.0,-135058.47,-0.94,534.24,128.5,18.04,549.32,467.13,1333.27,799.96,399.98,35.0,0.0,0.01
2025-04-18,1,7.25,2315.94,2315.82,-887.21,-0.89,540.39,138.44,11.93,622.2,394.06,2702.46,1621.47,810.74,45.3,0.0,0.02
2025-04-18,2,8.07,2329.49,2310.0,-157279.49,-0.94,535.72,133.99,24.35,488.05,408.12,1591.64,954.98,477.49,35.0,0.0,0.02
2025-04-18,3,8.07,2316.81,2310.0,-54902.24,-0.93,536.99,138.18,23.12,586.34,424.16,1473.51,884.1,442.05,35.0,0.0,0.02
2025-04-19,2,8.41,2327.85,2310.0,-150173.12,-0.9,532.78,132.64,13.63,574.93,433.21,1360.46,816.27,408.14,35.0,0.0,0.02
2025-04-19,1,7.99,2315.75,2310.0,-45963.73,-0.94,536.59,139.73,19.63,457.0,455.63,1555.34,933.21,466.6,35.0,0.0,0.01
2025-04-19,3,7.25,2330.26,2322.91,-53263.07,-0.89,538.84,133.16,17.47,563.11,403.1,2702.46,1621.47,810.74,45.3,0.0,0.02
2025-04-20,3,8.09,2319.6,2310.0,-77724.04,-0.91,534.19,139.32,22.76,631.0,406.89,1575.27,945.16,472.58,35.0,0.0,0.02
2025-04-20,1,8.27,2316.35,2310.0,-52532.84,-0.92,532.35,136.12,17.51,634.91,355.15,1648.53,989.12,494.56,35.0,0.0,0.01
2025-04-20,2,8.37,2327.8,2310.0,-148894.75,-0.88,539.02,129.14,10.19,592.26,414.05,1485.91,891.55,445.77,35.0,0.0,0.02
2025-04-21,3,7.97,2337.82,2310.0,-221627.61,-0.89,533.61,132.0,23.33,499.73,404.89,1643.44,986.06,493.03,35.0,0.0,0.02
2025-04-21,1,8.41,2303.27,2310.0,56663.65,-0.92,533.55,137.75,16.74,629.15,433.4,1300.66,780.39,390.2,35.0,0.0,0.02
2025-04-21,2,8.07,2314.92,2310.0,-39698.28,-0.91,538.0,128.83,20.9,585.74,435.44,1395.09,837.05,418.53,35.0,0.0,0.01
2025-04-22,2,8.32,2314.86,2310.0,-40444.68,-0.91,536.77,129.26,10.89,590.7,396.13,1442.7,865.62,432.81,35.0,0.0,0.02
2025-04-22,1,8.1,2303.4,2310.0,53430.13,-0.92,540.03,135.47,23.91,506.4,379.0,1419.57,851.74,425.87,35.0,0.0,0.01
2025-04-22,3,8.49,2334.11,2310.0,-204736.22,-0.88,531.86,136.77,12.57,593.91,416.92,1690.12,1014.07,507.04,35.0,0.0,0.02
2025-04-23,1,7.25,2307.48,2315.82,60409.03,-0.93,535.4,138.3,23.24,516.6,387.87,2702.46,1621.47,810.74,45.3,0.0,0.01
2025-04-23,2,8.24,2325.94,2310.0,-131447.55,-0.93,534.25,130.65,20.27,595.52,394.08,1434.88,860.93,430.46,35.0,0.0,0.02
2025-04-23,3,8.38,2328.44,2310.0,-154571.3,-0.91,532.8,129.43,23.38,506.85,445.09,1640.46,984.27,492.14,35.0,0.0,0.01
2025-04-24,2,7.82,2314.56,2310.0,-35683.98,-0.88,539.69,130.08,18.68,631.97,384.78,1549.88,929.93,464.96,35.0,0.0,0.01
2025-04-24,1,8.14,2306.06,2310.0,32051.1,-0.89,532.15,131.68,21.29,455.06,352.78,1592.77,955.66,477.83,35.0,0.0,0.01
2025-04-24,3,8.14,2299.11,2310.0,88658.26,-0.89,530.54,132.66,12.54,494.16,396.1,1305.36,783.22,391.61,35.0,0.0,0.02
2025-04-25,1,7.82,2327.11,2310.0,-133825.64,-0.89,541.61,128.23,13.84,569.44,356.24,1333.68,800.21,400.1,35.0,0.0,0.02
2025-04-25,2,8.13,2344.66,2310.0,-281778.72,-0.89,539.96,139.33,16.62,615.08,416.7,1699.77,1019.86,509.93,35.0,0.0,0.02
2025-04-25,3,7.25,2316.11,2322.91,49261.07,-0.92,530.1,128.63,18.11,587.94,441.73,2702.46,1621.47,810.74,45.3,0.0,0.01
2025-04-26,1,8.08,2283.5,2310.0,214197.43,-0.9,537.46,138.08,12.08,587.5,431.67,1533.61,920.17,460.08,35.0,0.0,0.01
2025-04-26,2,7.25,2316.79,2326.12,67637.14,-0.88,531.11,129.46,20.54,589.62,465.67,2702.46,1621.47,810.74,45.3,361.28,0.01
2025-04-26,3,8.29,2320.58,2310.0,-87725.5,-0.92,541.1,130.69,21.42,574.0,470.24,1463.47,878.08,439.04,35.0,0.0,0.02
2025-04-27,3,8.47,2323.25,2310.0,-112292.96,-0.88,541.97,139.14,22.15,623.24,444.31,1331.26,798.75,399.38,35.0,0.0,0.02
2025-04-27,2,8.09,2321.98,2310.0,-96975.98,-0.9,530.21,130.88,24.43,458.39,422.83,1524.88,914.93,457.47,35.0,0.0,0.01
2025-04-27,1,7.93,2311.7,2310.0,-13451.02,-0.93,538.68,139.35,23.56,649.69,443.56,1568.08,940.85,470.42,35.0,0.0,0.01
2025-04-28,2,7.25,2322.93,2326.12,23099.84,-0.93,538.68,132.56,14.47,548.77,474.1,2702.46,1621.47,810.74,45.3,0.0,0.01
2025-04-28,1,7.25,2309.56,2315.82,45349.5,-0.89,535.21,130.0,19.63,646.09,357.18,2702.46,1621.47,810.74,45.3,0.0,0.01
2025-04-28,3,8.4,2349.8,2310.0,-334455.43,-0.92,536.61,133.74,20.26,504.93,402.39,1469.23,881.54,440.77,35.0,0.0,0.01
2025-04-29,1,8.5,2308.83,2310.0,9965.38,-0.94,533.04,139.06,17.79,591.69,376.06,1486.17,891.7,445.85,35.0,0.0,0.02
2025-04-29,3,8.06,2323.25,2310.0,-106720.74,-0.92,538.05,139.83,13.9,596.17,398.97,1446.17,867.7,433.85,35.0,0.0,0.01
2025-04-29,2,7.93,2318.61,2310.0,-68254.0,-0.89,535.21,138.5,11.84,584.08,442.65,1309.7,785.82,392.91,35.0,0.0,0.02
2025-04-30,1,7.25,2318.1,2315.82,-16542.27,-0.9,532.9,137.15,17.06,465.02,470.22,2702.46,1621.47,810.74,45.3,0.0,0.01
2025-04-30,3,7.8,2312.46,2310.0,-19187.69,-0.94,536.18,137.07,16.5,541.65,455.46,1503.98,902.39,451.19,35.0,0.0,0.02
2025-04-30,2,8.25,2313.99,2310.0,-32868.81,-0.92,532.0,138.33,21.11,476.29,463.34,1575.87,945.52,472.76,35.0,0.0,0.02
2025-05-01,3,8.49,2300.17,2310.0,83466.57,-0.91,533.29,136.85,14.34,519.01,441.0,1379.88,827.93,413.96,35.0,300.0,0.02
2025-05-01,2,7.98,2344.42,2310.0,-274494.22,-0.91,534.41,129.56,15.81,589.04,364.21,1668.69,1001.21,500.61,35.0,300.0,0.01
2025-05-01,1,8.32,1655.46,2310.0,5442634.6,-0.9,535.86,128.91,11.59,491.48,390.94,1567.3,940.38,470.19,35.0,0.0,0.01
2025-05-02,1,7.25,0.0,2305.94,16713810.18,-0.92,530.16,133.88,16.54,571.34,383.21,2682.15,1609.29,804.65,45.38,0.0,0.01
2025-05-02,3,8.32,2330.51,2310.0,-170626.54,-0.94,538.43,129.51,15.83,485.6,372.55,1386.88,832.13,416.06,35.0,0.0,0.02
2025-05-02,2,7.86,2335.95,2310.0,-203928.69,-0.91,535.88,139.37,17.35,481.57,361.17,1467.64,880.58,440.29,35.0,0.0,0.01
2025-05-03,3,7.85,2296.93,2310.0,102676.22,-0.9,532.86,129.7,10.6,587.28,409.32,1305.43,783.26,391.63,35.0,0.0,0.02
2025-05-03,1,8.49,5348.85,2310.0,-25791937.21,-0.93,532.94,128.72,24.0,619.88,405.0,1660.07,996.04,498.02,35.0,0.0,0.01
2025-05-03,2,8.15,2316.56,2310.0,-53474.75,-0.9,535.89,130.3,23.17,586.69,369.87,1618.74,971.24,485.62,35.0,0.0,0.02
2025-05-04,3,8.33,2344.32,2310.0,-285960.97,-0.92,540.63,139.86,23.78,549.99,426.24,1659.0,995.4,497.7,35.0,0.0,0.01
2025-05-04,2,7.9,2318.84,2310.0,-69820.01,-0.91,537.76,131.04,18.84,576.34,353.17,1484.5,890.7,445.35,35.0,0.0,0.02
2025-05-04,1,8.07,2332.2,2310.0,-179133.28,-0.9,531.77,129.85,13.81,462.82,417.2,1380.22,828.13,414.06,35.0,0.0,0.02
2025-05-05,1,8.05,2322.96,2310.0,-104419.66,-0.88,541.68,135.83,17.22,642.92,451.86,1675.94,1005.57,502.78,35.0,0.0,0.02
2025-05-05,3,8.22,2311.6,2310.0,-13128.01,-0.89,539.31,134.47,15.4,578.96,368.83,1595.94,957.56,478.78,35.0,0.0,0.02
2025-05-05,2,7.93,2315.65,2310.0,-44832.85,-0.88,532.71,133.4,11.97,592.16,394.23,1603.83,962.3,481.15,35.0,0.0,0.01
2025-05-06,3,8.16,2315.17,2310.0,-42173.2,-0.89,530.78,129.65,20.27,631.36,393.48,1668.11,1000.87,500.43,35.0,0.0,0.01
2025-05-06,2,7.99,2332.57,2310.0,-180353.89,-0.91,536.54,137.64,23.71,458.23,423.11,1542.2,925.32,462.66,35.0,0.0,0.02
2025-05-06,1,7.88,2318.17,2310.0,-64356.29,-0.91,535.67,131.9,16.69,475.57,479.09,1582.77,949.66,474.83,35.0,0.0,0.01
2025-05-07,3,7.98,2313.81,2310.0,-30428.81,-0.9,534.46,136.32,13.38,647.54,451.72,1653.43,992.06,496.03,35.0,0.0,0.01
2025-05-07,1,7.82,2326.55,2310.0,-129427.54,-0.93,534.05,134.84,10.87,491.3,464.5,1548.56,929.14,464.57,35.0,0.0,0.02
2025-05-07,2,8.49,2320.82,2310.0,-91881.02,-0.89,540.72,132.37,20.48,476.74,368.61,1650.3,990.18,495.09,35.0,0.0,0.01
2025-05-08,3,7.25,2312.38,2314.83,17763.58,-0.92,538.86,133.7,18.7,481.5,453.17,2682.15,1609.29,804.65,45.38,0.0,0.01
2025-05-08,2,7.68,2332.61,2310.0,-173536.46,-88.46,539.03,124.35,71.25,1258.05,318.9,1370.49,822.29,411.15,35.0,0.0,0.02
2025-05-08,1,8.45,2304.94,2310.0,42807.98,-0.89,537.92,139.35,19.36,521.12,469.42,1546.26,927.75,463.88,35.0,0.0,0.01
2025-05-09,3,7.98,2307.48,2310.0,20133.41,-0.94,539.78,137.52,12.02,504.88,360.94,1578.72,947.23,473.62,35.0,0.0,0.02
2025-05-09,2,7.36,2343.91,2310.0,-249530.99,-88.92,541.19,120.24,77.83,1141.89,295.51,1561.01,936.61,468.3,35.0,0.0,0.02
2025-05-09,1,8.01,2304.44,2310.0,44485.55,-0.92,538.57,139.64,20.13,480.71,460.2,1530.81,918.48,459.24,35.0,0.0,0.02
2025-05-10,1,8.03,2327.98,2310.0,-144328.92,-0.92,539.33,134.35,13.69,542.24,366.38,1479.72,887.83,443.92,35.0,0.0,0.02
2025-05-10,3,8.09,2315.0,2310.0,-40422.14,-0.92,540.8,135.55,17.94,548.37,354.42,1655.67,993.4,496.7,35.0,0.0,0.01
2025-05-10,2,8.44,2321.09,2310.0,-93589.24,-0.93,531.87,129.06,12.98,616.59,403.07,1462.37,877.42,438.71,35.0,0.0,0.01
2025-05-11,2,7.7,2321.04,2310.0,-85045.76,-89.99,539.38,123.03,85.41,1146.5,290.4,1586.41,951.85,475.92,35.0,0.0,0.01
2025-05-11,1,7.25,2309.39,2305.94,-25032.1,-0.93,533.23,129.02,22.47,495.48,473.44,2682.15,1609.29,804.65,45.38,388.61,0.01
2025-05-11,3,8.34,2314.83,2310.0,-40298.57,-0.92,531.83,132.18,16.71,490.22,441.94,1426.98,856.19,428.09,35.0,0.0,0.01
2025-05-12,2,7.25,2310.67,2318.36,55733.19,-0.92,539.45,130.84,18.0,578.71,361.16,2682.15,1609.29,804.65,45.38,0.0,0.02
2025-05-12,1,8.38,2305.94,2310.0,34026.87,-0.9,536.49,128.7,13.71,614.69,469.96,1461.99,877.2,438.6,35.0,0.0,0.01
2025-05-12,3,8.24,2347.58,2310.0,-309795.04,-0.92,540.15,137.02,11.44,619.67,401.6,1309.16,785.5,392.75,35.0,0.0,0.01
2025-05-13,1,8.3,2319.16,2310.0,-76063.21,-0.93,538.02,138.91,17.96,514.36,475.18,1438.82,863.29,431.65,35.0,0.0,0.02
2025-05-13,2,8.46,2299.68,2310.0,87263.68,-0.9,537.57,139.52,14.93,512.51,451.29,1542.81,925.68,462.84,35.0,0.0,0.01
2025-05-13,3,8.3,2316.0,2310.0,-49805.89,-0.9,533.38,136.17,22.07,576.0,363.2,1489.59,893.75,446.88,35.0,0.0,0.02
2025-05-14,3,8.27,2329.42,2310.0,-160668.86,-0.93,540.69,130.83,18.13,501.87,368.06,1609.54,965.73,482.86,35.0,0.0,0.02
2025-05-14,2,8.48,2301.79,2310.0,69612.59,-0.9,537.18,134.84,17.25,488.12,351.59,1612.22,967.33,483.66,35.0,0.0,0.01
2025-05-14,1,8.16,2348.51,2310.0,-314238.61,-0.93,541.46,131.47,22.09,472.46,403.19,1427.92,856.75,428.38,35.0,0.0,0.02
2025-05-15,2,7.82,2312.32,2310.0,-18130.63,-0.89,539.75,139.91,23.49,610.57,445.25,1558.14,934.88,467.44,35.0,0.0,0.02
2025-05-15,1,7.88,2301.92,2310.0,63648.22,-0.91,532.37,133.77,14.83,612.66,425.2,1699.3,1019.58,509.79,35.0,0.0,0.02
2025-05-15,3,8.07,2310.04,2310.0,-290.67,-0.91,534.36,134.6,13.72,502.54,351.46,1683.15,1009.89,504.95,35.0,0.0,0.01
2025-05-16,3,8.3,2312.62,2310.0,-21729.01,-0.91,532.73,139.3,11.46,501.77,394.61,1346.03,807.62,403.81,35.0,0.0,0.02
2025-05-16,1,7.25,2298.51,2305.94,53857.27,-0.89,533.51,134.92,11.18,606.3,389.53,2682.15,1609.29,804.65,45.38,0.0,0.02
2025-05-16,2,8.21,2310.91,2310.0,-7499.64,-0.89,539.89,134.61,12.46,576.54,402.13,1628.72,977.23,488.62,35.0,0.0,0.02
2025-05-17,1,8.21,2300.44,2310.0,78522.65,-0.93,540.81,132.52,19.97,492.02,397.27,1652.43,991.46,495.73,35.0,0.0,0.02
2025-05-17,2,7.88,2311.03,2310.0,-8108.28,-0.91,537.15,129.39,20.55,581.94,417.44,1685.44,1011.27,505.63,35.0,0.0,0.01
2025-05-17,3,7.89,2312.86,2310.0,-22582.14,-0.93,539.68,129.12,16.75,482.08,437.71,1312.42,787.45,393.73,35.0,0.0,0.02
2025-05-18,3,8.29,2329.46,2310.0,-161223.62,-0.9,535.96,130.97,21.65,482.2,358.08,1566.9,940.14,470.07,35.0,0.0,0.02
2025-05-18,1,7.25,2308.05,2305.94,-15301.53,-0.89,535.89,128.54,21.89,451.06,360.5,2682.15,1609.29,804.65,45.38,0.0,0.01
2025-05-18,2,7.8,2318.22,2310.0,-64177.53,-0.92,532.61,132.65,21.85,501.17,419.67,1364.05,818.43,409.21,35.0,0.0,0.02
2025-05-19,1,7.25,2308.21,2305.94,-16446.65,-0.93,539.17,131.15,10.6,514.54,416.77,2682.15,1609.29,804.65,45.38,0.0,0.01
2025-05-19,2,7.25,2313.82,2318.36,32918.73,-0.89,534.92,133.06,24.76,578.98,440.29,2682.15,1609.29,804.65,45.38,0.0,0.01
2025-05-19,3,8.15,2317.43,2310.0,-60522.5,-0.9,539.48,135.27,21.03,528.88,428.93,1591.64,954.98,477.49,35.0,0.0,0.01
2025-05-20,3,8.2,2312.46,2310.0,-20166.36,-0.93,534.32,136.51,21.91,631.72,399.23,1465.86,879.52,439.76,35.0,0.0,0.02
2025-05-20,2,8.23,2320.55,2310.0,-86833.26,-0.91,537.34,137.6,18.46,454.31,471.1,1380.7,828.42,414.21,35.0,0.0,0.02
2025-05-20,1,7.87,2301.63,2310.0,65839.57,-0.88,533.76,128.79,10.16,458.62,419.0,1545.23,927.14,463.57,35.0,0.0,0.02
2025-05-21,1,7.25,2303.92,2305.94,14597.24,-0.9,530.85,131.99,18.79,553.9,461.21,2682.15,1609.29,804.65,45.38,0.0,0.02
2025-05-21,2,8.12,2308.37,2310.0,13204.06,-0.9,539.67,132.36,10.52,513.04,437.75,1469.44,881.66,440.83,35.0,0.0,0.02
2025-05-21,3,8.4,2299.54,2310.0,87913.02,-0.93,531.06,130.05,20.61,618.55,358.91,1588.64,953.18,476.59,35.0,0.0,0.01
2025-05-22,1,7.25,2314.1,2305.94,-59118.25,-0.88,540.58,132.4,22.54,561.36,396.9,2682.15,1609.29,804.65,45.38,0.0,0.01
2025-05-22,2,8.39,2288.52,2310.0,180205.88,-0.91,539.31,137.16,23.55,567.11,393.32,1452.02,871.21,435.61,35.0,0.0,0.02
2025-05-22,3,8.43,2311.25,2310.0,-10528.11,-0.92,541.77,138.75,17.39,623.03,381.1,1390.14,834.09,417.04,35.0,0.0,0.01
2025-05-23,1,7.87,2306.56,2310.0,27046.75,-0.91,531.11,129.84,16.18,556.51,438.47,1565.0,939.0,469.5,35.0,0.0,0.02
2025-05-23,2,7.93,2320.16,2310.0,-80541.62,-0.93,533.83,135.46,23.83,634.21,372.33,1336.74,802.04,401.02,35.0,0.0,0.01
2025-05-23,3,8.19,2322.54,2310.0,-102693.65,-0.89,538.75,137.95,23.96,488.7,414.38,1367.01,820.21,410.1,35.0,0.0,0.02
2025-05-24,1,8.04,2309.09,2310.0,7339.86,-0.94,530.95,139.25,22.8,638.98,404.3,1400.56,840.33,420.17,35.0,0.0,0.01
2025-05-24,2,8.03,2320.62,2310.0,-85261.29,-0.94,540.1,139.87,19.51,569.51,364.49,1377.39,826.43,413.22,35.0,0.0,0.01
2025-05-24,3,8.05,2326.78,2310.0,-135068.31,-0.88,534.99,128.87,11.53,462.32,430.02,1349.44,809.66,404.83,35.0,0.0,0.01
2025-05-25,3,8.42,2342.17,2310.0,-270763.47,-0.93,531.67,133.4,20.87,592.19,469.25,1586.28,951.77,475.88,35.0,0.0,0.02
2025-05-25,2,8.3,2294.81,2310.0,126087.43,-0.93,530.34,137.22,10.41,554.29,353.33,1697.63,1018.58,509.29,35.0,0.0,0.02
2025-05-25,1,7.98,2332.68,2310.0,-181017.34,-0.89,531.07,130.44,13.97,502.78,430.88,1530.48,918.29,459.14,35.0,0.0,0.02
2025-05-26,1,8.12,2281.21,2310.0,233863.03,-0.93,533.1,132.3,19.71,556.57,366.25,1384.68,830.81,415.4,35.0,0.0,0.02
2025-05-26,2,7.83,2328.07,2310.0,-141510.18,-0.92,536.22,128.39,14.62,452.97,385.34,1543.78,926.27,463.13,35.0,0.0,0.01
2025-05-26,3,8.23,2309.43,2310.0,4662.17,-0.94,536.66,132.24,19.4,502.54,437.99,1601.96,961.18,480.59,35.0,0.0,0.02
2025-05-27,2,8.01,2328.24,2310.0,-146088.43,-0.91,531.49,135.23,10.85,485.59,462.0,1576.17,945.7,472.85,35.0,0.0,0.02
2025-05-27,1,8.28,2284.76,2310.0,208926.86,-0.92,530.71,139.37,11.9,573.15,441.69,1654.66,992.79,496.4,35.0,0.0,0.01
2025-05-27,3,8.33,2306.94,2310.0,25503.59,-0.91,531.61,131.89,12.83,546.35,466.16,1544.71,926.82,463.41,35.0,0.0,0.01
2025-05-28,2,8.39,2302.28,2310.0,64753.02,-0.91,539.04,131.07,15.19,488.07,363.73,1416.11,849.67,424.83,35.0,0.0,0.01
2025-05-28,3,8.26,2317.65,2310.0,-63166.01,-0.9,540.01,131.12,13.55,605.33,369.44,1376.99,826.19,413.1,35.0,0.0,0.01
2025-05-28,1,8.34,2321.25,2310.0,-93831.48,-0.88,534.69,136.19,18.07,512.38,390.74,1312.04,787.22,393.61,35.0,0.0,0.02
2025-05-29,3,8.22,2317.82,2310.0,-64313.93,-0.92,532.78,139.96,12.7,484.83,395.71,1612.96,967.77,483.89,35.0,0.0,0.01
2025-05-29,1,7.25,2303.87,2305.94,15007.78,-0.92,531.23,131.0,22.04,589.3,461.68,2682.15,1609.29,804.65,45.38,0.0,0.01
2025-05-29,2,7.93,2347.39,2310.0,-296445.86,-0.89,537.76,138.38,16.68,599.89,441.52,1578.61,947.17,473.58,35.0,0.0,0.02
2025-05-30,1,7.85,2314.08,2310.0,-32026.66,-0.9,539.43,134.51,21.29,546.8,417.2,1432.92,859.75,429.88,35.0,0.0,0.01
2025-05-30,2,8.02,2289.98,2310.0,160480.27,-0.92,533.61,138.19,18.65,555.26,401.3,1661.08,996.65,498.32,35.0,0.0,0.01
2025-05-30,3,8.39,2336.48,2310.0,-222106.04,-0.94,539.7,129.64,21.57,502.92,389.67,1393.69,836.21,418.11,35.0,0.0,0.01
2025-05-31,2,7.25,2325.2,2318.36,-49614.7,-0.93,540.05,139.56,21.68,518.08,427.34,2682.15,1609.29,804.65,45.38,0.0,0.01
2025-05-31,3,8.05,2329.71,2310.0,-158716.19,-0.9,541.61,136.89,15.61,497.14,472.34,1557.29,934.37,467.19,35.0,0.0,0.02
2025-05-31,1,7.89,2313.04,2310.0,-24021.0,-0.92,537.77,132.24,24.9,507.0,438.82,1537.25,922.35,461.17,35.0,0.0,0.02
2025-06-01,1,8.18,2328.92,2310.0,-154769.42,-0.91,533.74,138.44,19.29,558.47,428.45,1688.42,1013.05,506.52,35.0,0.0,0.02
2025-06-01,2,8.13,2335.12,2310.0,-204101.05,-0.88,536.17,136.31,21.82,590.18,474.89,1386.2,831.72,415.86,35.0,0.0,0.01
2025-06-01,3,8.29,2286.07,2310.0,198322.14,-0.9,534.28,137.12,22.66,576.28,381.15,1302.32,781.39,390.7,35.0,300.0,0.01
2025-06-02,3,7.25,2317.64,2313.37,-30907.17,-0.94,532.15,129.51,15.48,636.39,425.02,2707.13,1624.28,812.14,46.53,0.0,0.02
2025-06-02,1,7.99,2323.77,2310.0,-109930.6,-0.92,540.96,129.51,19.69,624.77,371.21,1689.75,1013.85,506.92,35.0,0.0,0.01
2025-06-02,2,8.03,2312.78,2310.0,-22362.36,-0.91,540.75,134.94,15.65,466.69,424.08,1497.48,898.49,449.24,35.0,0.0,0.02
2025-06-03,2,8.0,2337.68,2310.0,-221317.49,-0.93,538.96,128.99,16.7,480.11,411.07,1696.55,1017.93,508.97,35.0,0.0,0.01
2025-06-03,3,8.11,2336.94,2310.0,-218428.18,-0.89,540.82,138.68,24.84,600.96,361.8,1442.84,865.7,432.85,35.0,0.0,0.02
2025-06-03,1,7.95,2310.97,2310.0,-7726.12,-0.9,540.87,133.69,24.63,514.88,413.37,1628.1,976.86,488.43,35.0,0.0,0.02
2025-06-04,2,8.4,2288.19,2310.0,183140.01,-0.92,530.21,133.13,21.48,459.06,360.1,1479.34,887.61,443.8,35.0,0.0,0.02
2025-06-04,3,8.18,2304.18,2310.0,47591.54,-0.93,537.73,139.36,18.86,585.27,398.75,1518.92,911.35,455.68,35.0,0.0,0.01
2025-06-04,1,7.25,2319.5,2304.79,-106641.4,-0.92,531.98,138.56,17.56,537.21,377.16,2707.13,1624.28,812.14,46.53,0.0,0.02
2025-06-05,3,8.49,2322.98,2310.0,-110186.5,-0.91,539.11,139.15,13.85,511.46,461.31,1643.77,986.26,493.13,35.0,0.0,0.02
2025-06-05,2,8.32,2342.72,2310.0,-272131.67,-0.9,533.62,138.06,18.11,591.7,388.31,1599.74,959.84,479.92,35.0,0.0,0.02
2025-06-05,1,8.35,2282.78,2310.0,227337.56,-0.94,541.11,138.41,21.21,495.79,358.94,1460.52,876.31,438.16,35.0,0.0,0.02
2025-06-06,3,8.0,2296.06,2310.0,111493.6,-0.89,538.17,137.22,11.0,504.55,426.92,1318.21,790.93,395.46,35.0,0.0,0.02
2025-06-06,1,8.03,2296.43,2310.0,108938.34,-0.89,533.2,139.89,10.42,496.89,424.79,1320.56,792.33,396.17,35.0,0.0,0.01
2025-06-06,2,7.25,2314.31,2313.96,-2499.42,-0.89,530.23,138.91,21.48,507.33,352.64,2707.13,1624.28,812.14,46.53,0.0,0.02
2025-06-07,2,7.99,2318.1,2310.0,-64684.86,-0.93,534.37,129.81,22.77,611.12,395.52,1352.97,811.78,405.89,35.0,0.0,0.02
2025-06-07,3,8.3,2318.43,2310.0,-69953.16,-0.89,539.61,133.43,18.28,504.4,456.47,1570.11,942.07,471.03,35.0,0.0,0.01
2025-06-07,1,7.98,2305.42,2310.0,36522.31,-0.89,532.97,133.35,24.85,549.46,395.05,1303.7,782.22,391.11,35.0,0.0,0.02
2025-06-08,1,7.88,2311.9,2310.0,-14951.19,-0.9,537.57,138.17,24.73,453.38,403.72,1515.74,909.44,454.72,35.0,0.0,0.02
2025-06-08,3,8.32,2335.24,2310.0,-209980.23,-0.94,535.57,131.0,21.42,555.42,436.87,1405.65,843.39,421.7,35.0,0.0,0.02
2025-06-08,2,7.25,2319.34,2313.96,-38990.28,-0.94,532.67,133.69,19.28,470.75,438.42,2707.13,1624.28,812.14,46.53,0.0,0.02
2025-06-09,2,7.25,2310.77,2313.96,23131.05,-0.91,532.94,128.48,11.36,581.79,378.93,2707.13,1624.28,812.14,46.53,0.0,0.02
2025-06-09,1,7.85,2302.58,2310.0,58253.66,-0.89,541.07,138.03,21.46,564.35,477.7,1642.11,985.27,492.63,35.0,0.0,0.02
2025-06-09,3,7.87,2316.45,2310.0,-50735.41,-0.89,533.89,139.57,21.91,639.23,380.21,1626.23,975.74,487.87,35.0,0.0,0.01
2025-06-10,3,8.18,2313.02,2310.0,-24746.5,-0.91,538.83,136.36,24.54,584.79,365.47,1569.9,941.94,470.97,35.0,0.0,0.01
2025-06-10,1,8.14,2302.59,2310.0,60313.97,-0.91,536.64,136.51,11.22,464.41,437.09,1413.27,847.96,423.98,35.0,0.0,0.01
2025-06-10,2,7.19,2326.07,2310.0,-115549.82,-89.14,538.96,121.08,85.66,1266.18,357.56,1457.2,874.32,437.16,35.0,0.0,0.02
2025-06-11,3,7.91,2310.31,2310.0,-2418.23,-0.94,531.88,133.1,15.76,614.58,399.95,1584.64,950.78,475.39,35.0,0.0,0.01
2025-06-11,1,8.19,2349.78,2310.0,-325619.41,-0.92,539.95,135.86,23.58,472.99,447.23,1452.15,871.29,435.65,35.0,0.0,0.01
2025-06-11,2,7.43,2294.13,2310.0,117913.94,-90.3,539.61,122.81,88.39,1113.1,302.42,1363.24,817.95,408.97,35.0,0.0,0.02
2025-06-12,3,8.21,2308.68,2310.0,10824.73,-0.89,535.82,136.44,15.03,496.37,377.41,1593.19,955.91,477.96,35.0,0.0,0.02
2025-06-12,1,8.08,2299.58,2310.0,84199.8,-0.91,530.47,138.08,20.34,637.22,416.35,1616.88,970.13,485.06,35.0,0.0,0.02
2025-06-12,2,8.16,2310.8,2310.0,-6500.93,-0.92,532.83,133.41,23.91,499.45,368.79,1548.64,929.18,464.59,35.0,0.0,0.01
2025-06-13,1,7.95,2299.86,2310.0,80638.69,-0.9,532.75,135.21,21.3,547.74,479.97,1671.66,1002.99,501.5,35.0,0.0,0.01
2025-06-13,3,8.12,2311.25,2310.0,-10175.74,-0.89,533.98,133.69,15.44,519.47,429.82,1484.17,890.5,445.25,35.0,0.0,0.01
2025-06-13,2,7.25,2310.53,2313.96,24870.52,-0.9,538.43,128.41,24.39,592.04,390.96,2707.13,1624.28,812.14,46.53,0.0,0.02
2025-06-14,1,8.38,2298.73,2310.0,94481.72,-0.93,533.8,129.54,11.96,606.24,443.98,1355.07,813.04,406.52,35.0,0.0,0.01
2025-06-14,3,8.07,2300.73,2310.0,74776.18,-0.91,533.91,130.63,24.74,490.96,447.3,1696.35,1017.81,508.9,35.0,0.0,0.02
2025-06-14,2,7.25,2309.58,2313.96,31754.2,-0.94,534.94,138.62,11.0,540.85,396.01,2707.13,1624.28,812.14,46.53,0.0,0.01
2025-06-15,1,7.92,2302.45,2310.0,59827.43,-0.93,530.61,137.77,19.09,509.86,443.42,1542.57,925.54,462.77,35.0,0.0,0.02
2025-06-15,3,8.15,2320.76,2310.0,-87709.51,-0.89,535.45,133.89,23.84,562.63,411.74,1481.21,888.73,444.36,35.0,300.0,0.02
2025-06-15,2,7.25,2313.36,2313.96,4395.55,-0.93,536.39,138.96,23.22,619.22,369.44,2707.13,1624.28,812.14,46.53,0.0,0.01
2025-06-16,1,8.22,2302.37,2310.0,62683.11,-0.89,533.68,130.48,12.17,484.5,407.78,1467.78,880.67,440.33,35.0,0.0,0.02
2025-06-16,2,8.44,2288.18,2310.0,184177.86,-0.89,535.7,135.2,19.07,579.6,394.29,1545.34,927.21,463.6,35.0,0.0,0.01
2025-06-16,3,8.39,2311.47,2310.0,-12334.0,-0.9,538.04,137.07,12.09,548.29,394.63,1448.13,868.88,434.44,35.0,0.0,0.02
2025-06-17,2,7.87,2321.52,2310.0,-90666.7,-0.91,538.17,133.68,23.36,595.45,461.97,1491.99,895.19,447.6,35.0,0.0,0.02
2025-06-17,3,8.29,2320.19,2310.0,-84419.9,-0.92,535.2,139.32,22.47,603.57,409.38,1570.64,942.39,471.19,35.0,0.0,0.02
2025-06-17,1,8.19,2310.88,2310.0,-7195.27,-0.93,540.66,132.35,22.87,612.82,389.64,1429.19,857.52,428.76,35.0,0.0,0.01
2025-06-18,2,8.43,2336.03,2310.0,-219467.23,-0.89,530.25,128.51,24.4,559.16,368.22,1604.17,962.5,481.25,35.0,0.0,0.01
2025-06-18,3,7.25,2331.92,2313.37,-134423.6,-0.9,532.45,131.31,20.39,564.26,471.88,2707.13,1624.28,812.14,46.53,0.0,0.02
2025-06-18,1,7.25,2318.52,2304.79,-99528.04,-0.91,534.7,132.36,22.07,456.0,446.22,2707.13,1624.28,812.14,46.53,0.0,0.02
2025-06-19,3,7.25,2321.57,2313.37,-59366.67,-0.88,530.22,137.18,11.84,613.82,424.01,2707.13,1624.28,812.14,46.53,0.0,0.02
2025-06-19,1,8.01,2317.49,2310.0,-59975.34,-0.92,532.05,137.28,12.0,516.17,389.46,1387.11,832.27,416.13,35.0,0.0,0.01
2025-06-19,2,8.23,2325.05,2310.0,-123845.16,-0.93,537.55,137.41,20.1,578.36,359.36,1439.18,863.51,431.75,35.0,0.0,0.01
2025-06-20,3,8.1,2323.75,2310.0,-111293.47,-0.93,535.81,137.12,18.36,498.56,351.55,1578.12,946.87,473.44,35.0,0.0,0.02
2025-06-20,1,8.15,2328.75,2310.0,-152842.61,-0.94,539.13,129.94,21.54,613.09,471.52,1561.38,936.83,468.41,35.0,0.0,0.01
2025-06-20,2,8.47,2330.19,2310.0,-171109.73,-0.94,536.7,137.99,17.14,544.41,364.63,1309.28,785.57,392.78,35.0,0.0,0.02
2025-06-21,1,7.83,2323.92,2310.0,-108950.73,-0.88,538.42,137.72,13.69,507.71,409.73,1452.16,871.29,435.65,35.0,0.0,0.02
2025-06-21,3,7.83,2293.5,2310.0,129209.33,-0.89,541.18,134.67,24.27,517.59,351.39,1535.98,921.59,460.79,35.0,0.0,0.01
2025-06-21,2,7.88,2324.4,2310.0,-113489.79,-0.9,541.0,133.31,23.18,597.64,351.23,1680.56,1008.34,504.17,35.0,0.0,0.02
2025-06-22,3,8.18,2324.29,2310.0,-116899.14,-0.89,540.49,130.78,12.01,562.73,430.6,1409.14,845.48,422.74,35.0,0.0,0.01
2025-06-22,1,7.93,2311.07,2310.0,-8467.19,-0.91,541.38,137.17,14.81,479.47,455.73,1585.22,951.13,475.57,35.0,0.0,0.01
2025-06-22,2,7.97,2329.8,2310.0,-157820.25,-0.91,531.28,139.76,13.63,507.79,401.36,1555.19,933.12,466.56,35.0,0.0,0.02
2025-06-23,3,7.25,2310.72,2313.37,19209.34,-0.92,539.86,139.72,12.43,604.98,429.9,2707.13,1624.28,812.14,46.53,0.0,0.02
2025-06-23,2,8.05,2342.17,2310.0,-259049.58,-0.93,530.57,134.54,24.99,608.79,404.5,1334.73,800.84,400.42,35.0,0.0,0.02
2025-06-23,1,7.92,2321.09,2310.0,-87765.47,-0.89,533.16,138.01,24.43,574.09,464.86,1303.98,782.39,391.2,35.0,0.0,0.01
2025-06-24,1,8.43,2312.22,2310.0,-18738.27,-0.93,532.23,138.04,20.72,570.75,446.87,1526.9,916.14,458.07,35.0,0.0,0.01
2025-06-24,2,8.02,2339.61,2310.0,-237432.6,-0.92,536.72,139.21,13.59,523.12,435.63,1678.72,1007.23,503.62,35.0,0.0,0.02
2025-06-24,3,8.05,2313.54,2310.0,-28484.19,-0.89,533.83,129.51,11.76,498.06,428.02,1528.03,916.82,458.41,35.0,0.0,0.02
2025-06-25,2,7.25,2325.35,2313.96,-82486.57,-0.91,535.42,130.17,20.04,551.01,470.47,2707.13,1624.28,812.14,46.53,437.07,0.01
2025-06-25,1,8.02,2303.83,2310.0,49417.55,-0.89,536.83,128.48,24.39,471.77,420.44,1360.9,816.54,408.27,35.0,0.0,0.02
2025-06-25,3,7.25,2313.12,2313.37,1821.92,-0.91,532.2,139.37,11.89,456.1,440.83,2707.13,1624.28,812.14,46.53,423.27,0.01
2025-06-26,1,7.25,2306.29,2304.79,-10877.52,-0.9,540.26,130.63,24.19,476.36,383.43,2707.13,1624.28,812.14,46.53,0.0,0.02
2025-06-26,2,7.25,2311.98,2313.96,14381.87,-0.91,540.59,131.91,11.99,627.32,423.33,2707.13,1624.28,812.14,46.53,0.0,0.02
2025-06-26,3,7.89,2309.83,2310.0,1363.96,-0.93,534.5,129.88,24.32,498.01,476.48,1664.26,998.56,499.28,35.0,0.0,0.02
2025-06-27,1,8.39,2301.29,2310.0,73057.2,-0.9,541.62,138.17,20.08,453.96,475.28,1616.74,970.05,485.02,35.0,0.0,0.01
2025-06-27,3,8.45,2313.13,2310.0,-26440.12,-0.9,530.63,137.82,21.1,464.03,368.62,1627.94,976.76,488.38,35.0,0.0,0.02
2025-06-27,2,8.33,2312.28,2310.0,-18997.47,-0.93,531.15,132.82,11.28,450.28,463.64,1303.33,782.0,391.0,35.0,0.0,0.02
2025-06-28,3,8.1,2316.93,2310.0,-56137.98,-0.91,533.99,128.9,16.06,605.3,463.22,1512.55,907.53,453.77,35.0,0.0,0.01
2025-06-28,2,7.85,2322.49,2310.0,-98095.85,-0.92,535.49,138.09,19.21,517.94,445.25,1389.96,833.98,416.99,35.0,0.0,0.02
2025-06-28,1,8.0,2300.8,2310.0,73558.86,-0.92,530.62,136.14,19.87,580.54,412.03,1699.12,1019.47,509.74,35.0,0.0,0.02
2025-06-29,2,8.29,0.0,2310.0,19143468.49,-0.92,534.95,138.52,18.4,609.04,402.85,1645.05,987.03,493.52,35.0,0.0,0.02
2025-06-29,3,8.47,2326.68,2310.0,-141290.02,-0.89,536.12,130.25,22.73,526.85,351.67,1537.77,922.66,461.33,35.0,0.0,0.01
2025-06-29,1,7.89,2303.48,2310.0,51457.03,-0.91,541.16,136.78,23.99,543.0,426.74,1535.32,921.19,460.59,35.0,0.0,0.01
2025-06-30,1,7.25,2314.78,2304.79,-72407.44,-0.93,541.62,132.26,24.44,543.97,416.65,2707.13,1624.28,812.14,46.53,0.0,0.01
2025-06-30,2,7.25,2336.85,2313.96,-165846.8,-0.9,530.8,132.8,23.35,516.16,437.85,2707.13,1624.28,812.14,46.53,0.0,0.01
2025-06-30,3,7.88,2320.12,2310.0,-79730.62,-0.91,540.96,131.51,18.03,526.45,452.95,1449.89,869.93,434.97,35.0,0.0,0.02
2025-07-01,1,7.96,2333.78,2310.0,-189324.33,-0.93,534.96,129.82,14.78,470.53,450.92,1355.58,813.35,406.67,35.0,300.0,0.01
2025-07-01,3,8.09,2311.74,2310.0,-14096.25,-0.92,533.86,133.88,24.78,539.82,372.13,1373.92,824.35,412.18,35.0,300.0,0.02
2025-07-01,2,8.49,2337.32,2310.0,-231871.3,-0.91,539.73,136.88,14.44,522.87,357.82,1372.46,823.48,411.74,35.0,300.0,0.02
2025-07-02,2,8.39,2316.84,2310.0,-57439.94,-0.94,534.81,139.45,22.84,607.19,361.39,1586.32,951.79,475.9,35.0,0.0,0.01
2025-07-02,1,7.87,2291.57,2310.0,144938.88,-0.92,535.75,133.57,19.87,457.29,396.7,1453.21,871.92,435.96,35.0,0.0,0.01
2025-07-02,3,8.39,2317.53,2310.0,-63184.21,-0.91,539.03,132.55,13.6,489.74,370.83,1463.77,878.26,439.13,35.0,0.0,0.01
2025-07-03,2,8.17,2312.86,2310.0,-23329.17,-0.93,538.56,139.32,23.95,570.36,436.02,1369.73,821.84,410.92,35.0,0.0,0.02
2025-07-03,3,8.14,2315.82,2310.0,-47341.75,-0.89,532.41,129.52,12.36,456.43,369.74,1365.07,819.04,409.52,35.0,0.0,0.01
2025-07-03,1,7.25,2303.41,2305.43,14687.45,-0.93,533.85,136.41,16.16,536.59,473.89,2183.9,1310.34,655.17,47.07,0.0,0.02
2025-07-04,1,7.82,2331.89,2310.0,-171234.52,-0.94,539.54,136.4,22.91,475.7,396.13,1305.53,783.32,391.66,35.0,0.0,0.02
2025-07-04,2,7.25,2316.3,0.0,-16788909.09,-0.92,530.82,136.3,10.78,552.64,412.98,2183.9,1310.34,655.17,47.07,0.0,0.02
2025-07-04,3,8.16,2316.19,2310.0,-50530.11,-0.91,539.67,132.19,13.05,564.27,404.5,1621.8,973.08,486.54,35.0,0.0,0.01
2025-07-05,1,8.28,2300.09,2310.0,82018.31,-0.93,541.82,135.09,13.31,585.0,383.49,1407.4,844.44,422.22,35.0,0.0,0.01
2025-07-05,3,8.03,2349.03,2310.0,-313498.41,-0.94,533.18,132.29,20.79,641.66,443.17,1528.67,917.2,458.6,35.0,0.0,0.01
2025-07-05,2,8.13,2330.69,2310.0,-168199.21,-0.93,538.73,136.32,11.12,475.82,368.0,1628.09,976.86,488.43,35.0,0.0,0.01
2025-07-06,3,8.45,2341.49,2310.0,-266108.13,-0.92,539.31,137.92,15.4,508.3,362.76,1368.0,820.8,410.4,35.0,0.0,0.01
2025-07-06,1,7.25,2309.95,2305.43,-32710.0,-0.92,538.51,133.05,17.25,525.64,458.05,2183.9,1310.34,655.17,47.07,0.0,0.02
2025-07-06,2,7.25,2397.0,0.0,-17373837.39,-0.9,530.1,134.02,23.3,565.28,352.01,2183.9,1310.34,655.17,47.07,0.0,0.01
2025-07-07,1,7.25,2306.92,2305.43,-10785.62,-0.89,537.94,136.61,21.25,514.86,350.32,2183.9,1310.34,655.17,47.07,0.0,0.01
2025-07-07,2,7.25,0.0,0.0,0.0,-0.93,535.81,134.98,11.45,593.23,404.04,2183.9,1310.34,655.17,47.07,0.0,0.01
2025-07-07,3,7.82,2323.12,2310.0,-102573.58,-0.94,541.74,139.27,15.87,559.33,427.41,1350.67,810.4,405.2,35.0,0.0,0.01
2025-07-08,2,7.86,0.0,2310.0,18167779.07,-0.88,530.33,130.96,16.15,624.58,371.46,1568.79,941.28,470.64,35.0,0.0,0.02
2025-07-08,1,8.07,2299.72,2310.0,83003.26,-0.9,538.04,138.91,21.43,597.28,464.23,1513.65,908.19,454.09,35.0,0.0,0.01
2025-07-08,3,8.02,2287.3,2310.0,182090.21,-0.88,537.17,134.23,13.88,584.79,476.37,1358.15,814.89,407.45,35.0,0.0,0.01
2025-07-09,1,8.24,2304.76,2310.0,43197.93,-0.88,537.96,130.42,17.36,481.07,468.24,1493.51,896.1,448.05,35.0,0.0,0.01
2025-07-09,2,7.54,2330.29,2310.0,-152937.47,-89.02,538.75,122.3,72.37,1148.88,311.46,1427.86,856.72,428.36,35.0,0.0,0.02
2025-07-09,3,8.45,2306.31,2310.0,31184.92,-0.89,530.61,131.93,11.64,586.79,395.44,1658.32,994.99,497.5,35.0,0.0,0.02
2025-07-10,2,7.25,0.0,0.0,0.0,-0.91,539.02,138.36,21.57,558.01,440.43,2183.9,1310.34,655.17,47.07,373.04,0.02
2025-07-10,3,7.25,2324.32,2318.65,-41090.79,-0.93,539.64,133.77,13.42,542.21,470.16,2183.9,1310.34,655.17,47.07,315.66,0.02
2025-07-10,1,7.25,2310.27,2305.43,-35030.24,-0.89,539.38,129.0,21.7,555.55,424.68,2183.9,1310.34,655.17,47.07,466.5,0.01
2025-07-11,3,8.16,2315.17,2310.0,-42190.92,-0.94,535.88,135.97,19.74,520.41,377.39,1524.38,914.63,457.32,35.0,0.0,0.02
2025-07-11,2,8.44,0.0,2310.0,19506378.78,-0.93,535.85,129.03,21.42,569.3,387.65,1447.76,868.66,434.33,35.0,0.0,0.01
2025-07-11,1,7.93,2301.62,2310.0,66494.75,-0.89,532.57,128.56,17.45,485.1,436.76,1397.85,838.71,419.35,35.0,0.0,0.01
2025-07-12,2,7.97,0.0,2310.0,18420037.83,-0.93,536.89,131.56,12.64,542.8,394.2,1469.25,881.55,440.78,35.0,0.0,0.01
2025-07-12,3,8.16,2316.3,2310.0,-51390.55,-0.91,534.43,128.51,18.5,503.62,406.6,1457.33,874.4,437.2,35.0,0.0,0.02
2025-07-12,1,8.41,2298.47,2310.0,96934.19,-0.93,534.92,135.2,10.04,565.42,479.97,1675.31,1005.19,502.59,35.0,0.0,0.01
2025-07-13,2,7.25,0.0,0.0,0.0,-0.91,540.68,128.66,17.57,543.57,353.0,2183.9,1310.34,655.17,47.07,0.0,0.02
2025-07-13,1,8.46,2347.22,2310.0,-314992.08,-89.85,537.96,117.83,93.44,1185.78,282.32,1390.78,834.47,417.23,35.0,0.0,0.02
2025-07-13,3,7.92,2323.09,2310.0,-103713.34,-88.96,540.02,119.91,93.95,1319.41,236.6,1630.41,978.25,489.12,35.0,0.0,0.01
2025-07-14,2,-0.01,0.0,2310.0,-15711.7,-0.09,80.99,26.52,0.04,0.0,0.0,1591.54,954.93,477.46,35.0,0.0,0.02
2025-07-14,3,8.17,2301.89,2310.0,66295.12,-0.91,535.55,129.38,11.02,624.94,433.11,1635.4,981.24,490.62,35.0,0.0,0.02
2025-07-14,1,7.56,2312.58,2310.0,-19495.88,-90.03,538.73,111.29,82.31,1093.9,306.91,1501.19,900.71,450.36,35.0,0.0,0.02
2025-07-15,2,-0.01,0.0,2310.0,-15728.33,-0.08,72.27,24.37,0.0,0.0,0.0,1562.44,937.46,468.73,35.0,0.0,0.01
2025-07-15,3,7.21,2319.5,2310.0,-68567.65,-89.6,539.9,109.74,74.24,1305.08,326.27,1635.25,981.15,490.57,35.0,0.0,0.01
2025-07-15,1,7.4,2286.62,2310.0,173039.11,-89.89,538.42,110.25,91.98,1265.78,314.11,1577.49,946.49,473.25,35.0,300.0,0.02
2025-07-16,1,7.25,2309.68,2305.43,-30776.06,-0.94,537.59,129.55,15.54,640.12,371.72,2183.9,1310.34,655.17,47.07,0.0,0.01
2025-07-16,2,-0.01,0.0,2310.0,-15683.98,-0.09,65.0,25.92,0.03,0.0,0.0,1333.13,799.88,399.94,35.0,0.0,0.01
2025-07-16,3,7.94,2318.58,2310.0,-68106.05,-89.06,539.98,118.58,93.78,1420.35,337.86,1328.64,797.18,398.59,35.0,0.0,0.01
2025-07-17,3,7.94,2318.47,2310.0,-67248.14,-88.98,539.76,119.21,91.3,1328.42,338.9,1598.05,958.83,479.42,35.0,0.0,0.02
2025-07-17,2,-0.01,0.0,2310.0,-15767.14,-0.09,59.48,27.01,0.03,0.0,0.0,1593.19,955.92,477.96,35.0,0.0,0.01
2025-07-17,1,7.55,2308.45,2310.0,11665.68,-90.21,538.57,113.54,80.73,1121.33,329.12,1589.09,953.46,476.73,35.0,0.0,0.02
2025-07-18,3,7.92,2317.35,2310.0,-58257.57,-88.88,539.39,120.73,90.52,1258.12,347.96,1430.09,858.06,429.03,35.0,0.0,0.01
2025-07-18,1,7.99,2306.5,2310.0,27930.83,-89.91,537.97,117.07,93.87,1150.26,290.39,1370.82,822.49,411.25,35.0,0.0,0.02
2025-07-18,2,-0.01,0.0,2310.0,-15717.24,-0.09,55.11,27.41,0.05,0.0,0.0,1351.73,811.04,405.52,35.0,0.0,0.01
2025-07-19,2,-0.01,0.0,2310.0,-15495.48,-0.09,51.62,28.09,0.1,0.0,0.0,1599.76,959.86,479.93,35.0,0.0,0.01
2025-07-19,3,8.05,2312.38,2310.0,-19147.41,-88.84,539.67,121.54,97.35,1171.38,345.43,1577.37,946.42,473.21,35.0,0.0,0.01
2025-07-19,1,7.25,2302.98,2305.43,17759.48,-0.94,535.1,139.86,21.92,546.25,393.52,2183.9,1310.34,655.17,47.07,0.0,0.02
2025-07-20,1,8.45,2304.57,2310.0,45884.12,-89.51,538.35,117.46,92.77,1329.71,316.7,1390.25,834.15,417.08,35.0,0.0,0.02
2025-07-20,2,8.06,2319.78,2310.0,-78897.77,-0.91,531.97,130.17,21.17,632.76,407.36,1551.2,930.72,465.36,35.0,0.0,0.01
2025-07-20,3,8.19,2311.14,2310.0,-9315.52,-88.54,536.74,118.97,94.68,1165.35,340.75,1509.03,905.42,452.71,35.0,0.0,0.02
2025-07-21,2,-0.01,0.0,2310.0,-14835.74,-0.08,46.2,26.48,0.05,0.0,0.0,1650.89,990.54,495.27,35.0,0.0,0.01
2025-07-21,3,7.95,2316.76,2310.0,-53726.23,-88.69,538.55,118.75,104.72,1104.28,341.71,1664.77,998.86,499.43,35.0,0.0,0.01
2025-07-21,1,8.31,2302.47,2310.0,62620.46,-89.57,538.79,116.3,93.19,1221.14,314.72,1430.01,858.0,429.0,35.0,0.0,0.02
2025-07-22,1,7.25,2305.56,2305.43,-945.05,-0.91,539.55,136.65,24.07,531.43,403.07,2183.9,1310.34,655.17,47.07,0.0,0.02
2025-07-22,2,-0.01,0.0,2310.0,-15068.59,-0.08,43.94,26.96,0.12,0.0,0.0,1404.39,842.63,421.32,35.0,0.0,0.02
2025-07-22,3,8.06,2321.22,2310.0,-90398.2,-88.75,539.46,119.46,94.35,1107.64,309.31,1683.15,1009.89,504.95,35.0,0.0,0.01
2025-07-23,3,7.95,2320.34,2310.0,-82206.93,-88.55,538.99,119.34,74.22,1137.1,327.91,1647.71,988.63,494.31,35.0,0.0,0.01
2025-07-23,2,7.94,2293.59,2310.0,130373.06,-0.93,530.53,135.29,17.46,497.06,362.57,1598.15,958.89,479.44,35.0,0.0,0.02
2025-07-23,1,8.45,2303.84,2310.0,52106.62,-89.57,538.4,118.07,93.19,1160.27,313.96,1607.48,964.49,482.25,35.0,0.0,0.02
2025-07-24,2,8.37,2309.34,2310.0,5489.75,-0.89,542.0,139.83,22.78,481.35,369.0,1481.23,888.74,444.37,35.0,0.0,0.02
2025-07-24,3,7.75,2302.19,2310.0,60489.48,-88.32,539.01,117.47,71.84,1134.08,321.44,1624.75,974.85,487.43,35.0,0.0,0.02
2025-07-24,1,8.26,2348.68,2310.0,-319542.21,-88.95,538.02,115.96,96.29,1184.52,318.06,1373.25,823.95,411.97,35.0,0.0,0.01
2025-07-25,3,7.79,2344.5,2310.0,-268865.78,-88.29,538.14,115.93,73.01,1112.82,334.43,1469.51,881.71,440.85,35.0,0.0,0.01
2025-07-25,2,8.14,2342.95,2310.0,-268293.21,-0.91,535.47,137.56,15.0,477.03,458.9,1360.29,816.17,408.09,35.0,0.0,0.02
2025-07-25,1,8.04,2335.26,2310.0,-203240.36,-88.98,538.3,114.49,94.59,1206.41,301.47,1427.88,856.73,428.37,35.0,0.0,0.02
2025-07-26,3,7.67,2324.26,2310.0,-109308.07,-88.55,538.51,114.85,78.6,1085.14,307.83,1674.32,1004.59,502.3,35.0,0.0,0.02
2025-07-26,2,-0.01,0.0,2310.0,-15650.71,-1.33,38.88,25.6,0.19,0.0,0.0,1447.8,868.68,434.34,35.0,0.0,0.02
2025-07-26,1,8.19,2306.86,2310.0,25671.45,-88.94,538.53,114.48,87.34,1181.84,303.37,1664.04,998.42,499.21,35.0,0.0,0.01
2025-07-27,1,8.03,2318.44,2310.0,-67770.36,-89.4,538.44,113.5,87.05,1153.91,316.31,1608.69,965.21,482.61,35.0,0.0,0.01
2025-07-27,3,7.51,2323.61,2310.0,-102265.33,-88.78,538.62,113.52,71.64,1083.41,304.55,1646.19,987.72,493.86,35.0,0.0,0.01
2025-07-27,2,-0.01,0.0,2310.0,-15140.66,-14.89,37.96,25.2,0.22,0.0,0.0,1449.97,869.98,434.99,35.0,0.0,0.02
2025-07-28,3,7.21,2289.47,2310.0,147934.78,-89.2,537.43,113.87,68.5,1053.1,297.61,1399.97,839.98,419.99,35.0,0.0,0.01
2025-07-28,1,7.95,2326.76,2310.0,-133269.44,-89.6,538.31,114.67,84.06,1148.0,357.0,1675.29,1005.17,502.59,35.0,0.0,0.02
2025-07-28,2,8.25,2343.39,2310.0,-275441.43,-0.9,536.79,138.19,16.99,463.18,447.43,1616.85,970.11,485.05,35.0,0.0,0.02
2025-07-29,3,7.84,2324.8,2310.0,-116099.6,-88.93,539.21,116.9,79.53,1106.8,309.29,1392.13,835.28,417.64,35.0,0.0,0.02
2025-07-29,1,8.21,2312.62,2310.0,-21548.39,-89.61,537.85,115.66,76.71,1123.96,314.11,1647.68,988.61,494.31,35.0,0.0,0.02
2025-07-29,2,-0.01,0.0,2310.0,-14547.46,-0.08,36.69,27.33,0.03,0.0,0.0,1317.52,790.51,395.26,35.0,0.0,0.01
2025-07-30,3,7.51,2280.12,2310.0,224343.82,-89.19,539.22,114.38,68.2,1051.3,303.19,1422.24,853.34,426.67,35.0,0.0,0.01
2025-07-30,2,-0.01,2328.99,2310.0,118.7,6.44,36.23,29.78,0.22,0.0,0.0,1354.54,812.73,406.36,35.0,0.0,0.02
2025-07-30,1,7.5,2296.8,2310.0,99005.81,-89.78,537.91,111.44,71.62,1128.59,315.54,1388.08,832.85,416.42,35.0,0.0,0.01
2025-07-31,3,7.88,2324.36,2310.0,-113139.98,-89.18,539.65,116.5,74.11,1141.18,310.01,1506.64,903.98,451.99,35.0,0.0,0.01
2025-07-31,1,7.25,2308.7,2305.43,-23663.75,-0.93,536.69,131.34,10.71,504.78,397.08,2183.9,1310.34,655.17,47.07,0.0,0.01
2025-07-31,2,7.25,2320.17,0.0,-16816941.85,-0.9,530.47,139.51,20.03,489.97,445.44,2183.9,1310.34,655.17,47.07,0.0,0.01
2025-08-01,3,8.45,2319.89,2310.0,-83618.7,-0.89,532.37,133.32,20.03,465.77,376.57,1368.14,820.88,410.44,35.0,300.0,0.02
2025-08-01,2,8.38,2319.9,2310.0,-82873.17,-0.94,536.7,136.37,18.34,522.75,443.95,1625.84,975.51,487.75,35.0,300.0,0.01
2025-08-01,1,7.81,2307.37,2310.0,20499.33,-90.23,538.62,115.36,95.06,1138.45,312.14,1679.22,1007.53,503.77,35.0,300.0,0.02
2025-08-02,3,8.22,2287.05,2310.0,188664.93,-0.9,534.81,138.79,11.56,454.39,398.75,1452.78,871.67,435.83,35.0,0.0,0.01
2025-08-02,2,8.21,2324.48,2310.0,-118866.3,-0.92,538.83,138.33,19.56,620.24,417.86,1675.16,1005.1,502.55,35.0,0.0,0.02
2025-08-02,1,7.57,2301.91,2310.0,61245.93,-90.36,539.2,112.55,81.89,1146.94,305.52,1337.32,802.39,401.2,35.0,0.0,0.02
2025-08-03,1,7.62,2326.99,2310.0,-129418.89,-90.24,538.23,113.49,87.18,1136.78,297.98,1479.97,887.98,443.99,35.0,0.0,0.02
2025-08-03,2,7.25,2313.41,2309.96,-24995.53,-0.89,540.14,128.99,18.29,590.42,406.37,2237.11,1342.27,671.13,44.36,0.0,0.02
2025-08-03,3,7.25,2323.48,2318.02,-39587.94,-0.89,532.99,129.85,10.76,594.18,424.04,2237.11,1342.27,671.13,44.36,0.0,0.02
2025-08-04,3,7.83,2334.48,2310.0,-191605.96,-0.94,531.78,139.03,19.48,610.28,374.28,1591.48,954.89,477.44,35.0,0.0,0.01
2025-08-04,2,8.26,2340.05,2310.0,-248286.24,-0.91,536.29,130.68,10.98,544.51,425.57,1507.17,904.3,452.15,35.0,0.0,0.01
2025-08-04,1,7.25,2308.34,2309.93,11549.07,-0.91,536.92,133.27,10.66,595.69,463.96,2237.11,1342.27,671.13,44.36,0.0,0.01
2025-08-05,1,7.91,2309.06,2310.0,7420.67,-89.96,538.15,116.66,100.09,1149.68,320.34,1329.8,797.88,398.94,35.0,0.0,0.01
2025-08-05,2,7.68,2305.46,2310.0,34836.49,-88.46,539.03,124.35,71.25,1258.05,318.9,1364.39,818.64,409.32,35.0,0.0,0.02
2025-08-05,3,7.75,2316.56,2310.0,-50829.61,-89.04,537.0,117.86,79.29,1311.8,307.83,1430.06,858.03,429.02,35.0,0.0,0.01
2025-08-06,2,8.29,2301.07,2310.0,74061.37,-0.88,539.94,131.33,15.43,571.63,405.57,1399.02,839.41,419.71,35.0,0.0,0.01
2025-08-06,3,7.25,2316.09,2318.02,14000.87,-0.89,541.97,132.02,11.19,617.44,432.45,2237.11,1342.27,671.13,44.36,0.0,0.02
2025-08-06,1,7.7,2329.8,2310.0,-152544.15,-89.87,538.47,114.62,91.76,1125.03,319.65,1512.16,907.3,453.65,35.0,0.0,0.01
2025-08-07,3,7.97,2318.05,2310.0,-64167.33,-89.04,536.99,116.71,69.09,1335.54,309.08,1468.32,880.99,440.49,35.0,0.0,0.01
2025-08-07,2,7.85,2311.89,2310.0,-14878.09,-88.87,538.01,121.93,57.67,1289.65,326.91,1566.6,939.96,469.98,35.0,0.0,0.02
2025-08-07,1,7.63,2309.86,2310.0,1063.31,-90.16,538.46,111.91,74.74,1106.35,302.06,1605.18,963.11,481.55,35.0,0.0,0.01
2025-08-08,1,7.54,2300.67,2310.0,70339.14,-90.31,538.64,110.79,78.09,1099.27,304.06,1301.06,780.63,390.32,35.0,0.0,0.02
2025-08-08,2,8.15,2300.25,2310.0,79446.71,-88.82,539.18,122.06,64.51,1259.62,322.58,1526.94,916.16,458.08,35.0,0.0,0.02
2025-08-08,3,8.28,2306.51,2310.0,28875.59,-0.91,539.67,137.85,23.92,457.06,476.67,1679.41,1007.64,503.82,35.0,0.0,0.01
2025-08-09,1,8.46,2317.18,2310.0,-60712.08,-90.14,537.99,116.87,97.84,1187.03,318.76,1395.15,837.09,418.55,35.0,0.0,0.02
2025-08-09,3,7.98,2326.02,2310.0,-127807.58,-89.5,538.89,117.24,85.8,1150.64,309.3,1446.85,868.11,434.05,35.0,0.0,0.01
2025-08-09,2,8.4,2309.96,2310.0,330.47,-88.63,540.17,124.99,69.34,1143.97,304.48,1592.45,955.47,477.73,35.0,0.0,0.01
2025-08-10,1,7.23,2325.93,2310.0,-115124.51,-90.68,537.84,110.02,74.83,1084.56,325.18,1637.78,982.67,491.33,35.0,0.0,0.02
2025-08-10,2,7.25,2313.97,2309.96,-29043.84,-0.91,532.78,131.09,14.52,465.22,423.22,2237.11,1342.27,671.13,44.36,0.0,0.02
2025-08-10,3,7.92,2299.88,2310.0,80152.37,-0.91,537.81,136.72,23.89,563.19,433.29,1610.46,966.27,483.14,35.0,0.0,0.02
2025-08-11,1,6.32,2299.2,2310.0,68192.59,-90.46,539.25,104.69,74.25,1159.01,297.14,1421.52,852.91,426.46,35.0,0.0,0.01
2025-08-11,3,7.43,2315.75,2310.0,-42699.55,-89.46,538.19,113.44,68.05,1150.5,280.86,1314.81,788.89,394.44,35.0,0.0,0.02
2025-08-11,2,7.2,2305.27,2310.0,34087.12,-89.03,540.21,118.74,60.98,1128.33,311.58,1354.83,812.9,406.45,35.0,0.0,0.01
2025-08-12,3,7.94,2315.36,2310.0,-42601.3,-88.94,537.49,119.22,85.41,1288.18,341.44,1662.86,997.72,498.86,35.0,0.0,0.01
2025-08-12,1,7.74,2296.87,2310.0,101658.62,-90.34,537.95,114.6,92.45,1233.65,295.08,1696.93,1018.16,509.08,35.0,0.0,0.01
2025-08-12,2,8.21,2308.22,2310.0,14591.82,-88.52,539.38,126.42,69.34,1312.54,280.84,1499.59,899.75,449.88,35.0,0.0,0.02
2025-08-13,2,8.07,2311.67,2310.0,-13492.66,-0.89,536.13,137.75,17.34,538.99,479.32,1555.59,933.35,466.68,35.0,0.0,0.02
2025-08-13,1,7.66,2309.71,2310.0,2254.99,-90.23,537.54,114.18,85.75,1197.86,310.09,1306.41,783.84,391.92,35.0,0.0,0.01
2025-08-13,3,7.92,2316.11,2310.0,-48354.22,-88.68,539.13,119.62,85.54,1179.24,318.48,1564.68,938.81,469.41,35.0,0.0,0.02
2025-08-14,1,7.65,2309.93,2310.0,515.59,-90.19,537.42,112.71,86.02,1183.97,314.51,1382.76,829.66,414.83,35.0,0.0,0.02
2025-08-14,3,7.25,2307.06,2318.02,79388.13,-0.94,541.89,135.24,22.64,619.31,395.08,2237.11,1342.27,671.13,44.36,0.0,0.02
2025-08-14,2,7.41,2315.7,2310.0,-42230.7,-88.85,540.91,119.88,65.42,1234.05,314.82,1666.62,999.97,499.99,35.0,0.0,0.02
2025-08-15,2,7.99,2315.12,2310.0,-40926.88,-88.49,541.3,125.17,81.3,1287.92,339.78,1512.63,907.58,453.79,35.0,0.0,0.02
2025-08-15,3,7.85,2307.28,2310.0,21322.36,-89.02,539.37,118.64,92.98,1170.05,308.82,1313.06,787.84,393.92,35.0,300.0,0.02
2025-08-15,1,7.81,2349.08,2310.0,-305189.23,-89.68,538.18,116.21,95.73,1227.75,282.07,1453.74,872.25,436.12,35.0,300.0,0.01
2025-08-16,3,7.25,2318.44,2318.02,-3069.84,-0.9,537.16,135.34,24.67,629.89,404.04,2237.11,1342.27,671.13,44.36,0.0,0.01
2025-08-16,2,7.21,2304.81,2310.0,37382.45,-88.8,540.46,121.41,71.65,1194.68,324.18,1415.44,849.26,424.63,35.0,0.0,0.01
2025-08-16,1,7.25,2308.34,2309.93,11515.65,-0.91,534.67,134.18,17.39,556.42,429.24,2237.11,1342.27,671.13,44.36,0.0,0.01
2025-08-17,1,7.93,2313.94,2310.0,-31215.65,-89.58,538.27,116.24,94.24,1185.08,307.84,1491.72,895.03,447.52,35.0,0.0,0.02
2025-08-17,2,7.25,2315.03,2309.96,-36709.57,-0.89,541.15,137.27,17.31,530.52,390.28,2237.11,1342.27,671.13,44.36,0.0,0.01
2025-08-17,3,7.76,2286.0,2310.0,186207.32,-88.77,538.35,117.15,92.5,1310.49,334.2,1469.57,881.74,440.87,35.0,0.0,0.01
2025-08-18,3,7.26,2315.65,2310.0,-41040.04,-88.97,539.44,115.28,79.49,1205.2,288.6,1462.09,877.25,438.63,35.0,0.0,0.02
2025-08-18,2,7.15,2311.22,2310.0,-8764.68,-88.9,538.47,120.17,66.0,1208.62,302.3,1429.0,857.4,428.7,35.0,0.0,0.01
2025-08-18,1,7.54,2317.08,2310.0,-53324.62,-89.46,537.73,112.43,86.35,1233.46,307.07,1485.2,891.12,445.56,35.0,0.0,0.01
2025-08-19,3,7.65,2335.66,2310.0,-196241.31,-88.81,537.83,115.37,77.49,1212.06,290.25,1324.26,794.56,397.28,35.0,0.0,0.01
2025-08-19,2,7.39,2304.89,2310.0,37736.84,-88.89,538.39,120.6,70.6,1211.71,313.68,1537.04,922.22,461.11,35.0,0.0,0.01
2025-08-19,1,6.92,2310.74,2310.0,-5094.65,-89.59,537.77,107.27,76.36,1163.34,299.45,1688.24,1012.95,506.47,35.0,0.0,0.02
2025-08-20,3,4.17,0.0,2310.0,9631801.87,-79.71,421.14,96.81,48.06,734.69,175.95,1445.69,867.41,433.71,35.0,0.0,0.02
2025-08-20,1,7.78,2318.46,2310.0,-65828.9,-89.43,537.12,111.88,81.87,1206.03,310.71,1572.64,943.58,471.79,35.0,0.0,0.02
2025-08-20,2,7.69,2309.74,2310.0,2002.42,-88.52,539.9,121.09,70.16,1247.95,307.69,1660.58,996.35,498.17,35.0,0.0,0.02
2025-08-21,2,7.48,2302.66,2310.0,54898.58,-88.96,540.27,122.44,69.8,1138.38,323.92,1349.59,809.75,404.88,35.0,0.0,0.01
2025-08-21,1,7.45,2309.07,2310.0,6938.86,-89.61,537.87,111.34,81.28,1147.28,301.36,1400.52,840.31,420.16,35.0,0.0,0.02
2025-08-21,3,0.0,5338.38,2310.0,10865.81,0.04,172.95,36.69,0.0,0.0,0.0,1454.1,872.46,436.23,35.0,0.0,0.02
2025-08-22,1,7.25,2304.83,2309.93,37003.75,-0.91,534.48,131.13,17.9,516.95,361.18,2237.11,1342.27,671.13,44.36,0.0,0.01
2025-08-22,3,7.25,2325.78,2318.02,-56234.35,-0.92,532.01,135.78,15.44,589.73,443.34,2237.11,1342.27,671.13,44.36,0.0,0.01
2025-08-22,2,7.25,2317.42,2309.96,-54099.11,-0.92,541.3,128.11,14.55,589.1,459.63,2237.11,1342.27,671.13,44.36,0.0,0.01
2025-08-23,2,7.25,2305.44,2309.96,32753.15,-0.89,538.29,133.35,24.84,548.5,440.15,2237.11,1342.27,671.13,44.36,0.0,0.01
2025-08-23,1,7.25,2313.25,2309.93,-24072.81,-0.92,536.0,134.13,11.0,590.79,472.67,2237.11,1342.27,671.13,44.36,0.0,0.01
2025-08-23,3,7.51,2287.64,2310.0,168000.97,-89.47,538.09,114.5,90.75,1278.64,251.73,1525.63,915.38,457.69,35.0,0.0,0.02
2025-08-24,2,7.25,2317.41,2309.96,-53995.18,-0.9,533.3,138.36,16.64,540.05,428.03,2237.11,1342.27,671.13,44.36,413.45,0.02
2025-08-24,1,7.37,2316.99,2310.0,-51502.37,-90.19,537.36,110.48,87.13,1073.84,292.48,1489.13,893.48,446.74,35.0,0.0,0.01
2025-08-24,3,7.61,2325.96,2310.0,-121421.23,-89.16,539.68,118.5,99.23,1122.85,286.23,1485.05,891.03,445.52,35.0,0.0,0.02
2025-08-25,2,8.22,2280.76,2310.0,240312.37,-0.92,530.27,139.29,23.25,491.14,469.23,1420.76,852.46,426.23,35.0,0.0,0.01
2025-08-25,3,4.23,2309.62,2310.0,1625.36,-88.77,441.71,100.24,54.26,640.54,185.25,1426.08,855.65,427.82,35.0,0.0,0.02
2025-08-25,1,6.76,2314.57,2310.0,-30888.6,-90.36,538.47,108.63,76.03,1137.0,321.0,1642.91,985.74,492.87,35.0,0.0,0.01
2025-08-26,2,6.64,2312.48,2310.0,-16491.31,-89.59,540.51,119.63,64.75,1072.02,286.93,1601.78,961.07,480.54,35.0,0.0,0.02
2025-08-26,3,0.0,2346.07,2310.0,136.01,-2.84,171.17,37.35,0.0,0.0,0.0,1450.51,870.31,435.15,35.0,0.0,0.02
2025-08-26,1,6.62,2313.38,2310.0,-22335.07,-90.03,538.41,108.51,72.56,1103.98,290.72,1519.37,911.62,455.81,35.0,0.0,0.01
2025-08-27,3,7.25,2324.98,2318.02,-50476.29,-0.93,530.23,138.4,12.84,483.81,361.79,2237.11,1342.27,671.13,44.36,0.0,0.02
2025-08-27,2,8.49,2347.99,2310.0,-322317.57,-0.93,530.38,137.81,13.72,513.52,440.08,1597.31,958.38,479.19,35.0,0.0,0.02
2025-08-27,1,7.25,2313.73,2309.93,-27500.73,-0.91,540.05,133.49,13.22,515.44,437.27,2237.11,1342.27,671.13,44.36,0.0,0.01
2025-08-28,1,7.25,2312.06,2309.93,-15440.87,-0.91,539.35,130.93,18.6,604.97,436.74,2237.11,1342.27,671.13,44.36,0.0,0.01
2025-08-28,3,7.22,2325.4,2310.0,-111214.44,-89.1,539.09,115.94,81.08,1057.23,355.3,1343.51,806.1,403.05,35.0,0.0,0.01
2025-08-28,2,7.55,2310.96,2310.0,-7241.87,-88.85,540.32,123.4,72.79,1147.07,303.4,1567.74,940.64,470.32,35.0,0.0,0.01
2025-08-29,3,6.89,2331.59,2310.0,-148869.73,-89.38,536.79,116.39,84.23,1134.13,282.85,1401.12,840.67,420.34,35.0,0.0,0.01
2025-08-29,2,7.25,2314.4,2309.96,-32211.94,-0.89,539.63,132.18,17.78,587.48,369.95,2237.11,1342.27,671.13,44.36,0.0,0.02
2025-08-29,1,7.55,2317.09,2310.0,-53582.48,-90.29,536.84,112.49,91.52,1163.6,296.73,1525.91,915.55,457.77,35.0,0.0,0.02
2025-08-30,3,7.25,2317.99,2318.02,179.58,-0.88,534.82,131.85,14.03,509.29,384.47,2237.11,1342.27,671.13,44.36,0.0,0.01
2025-08-30,2,8.23,2333.1,2310.0,-190179.49,-0.94,530.86,139.47,21.02,452.29,358.31,1682.38,1009.43,504.71,35.0,0.0,0.01
2025-08-30,1,7.11,2309.79,2310.0,1525.13,-90.46,538.08,111.49,83.12,1091.61,295.82,1306.97,784.18,392.09,35.0,0.0,0.02
2025-08-31,1,7.67,2323.58,2310.0,-104093.45,-90.21,537.35,113.67,86.17,1205.48,298.15,1675.59,1005.35,502.68,35.0,0.0,0.02
2025-08-31,2,7.9,2304.77,2310.0,41295.0,-0.92,534.78,133.82,23.99,555.37,405.94,1458.69,875.21,437.61,35.0,0.0,0.01
2025-08-31,3,7.88,2329.87,2310.0,-156626.17,-89.28,538.03,120.07,88.6,1258.38,280.77,1516.37,909.82,454.91,35.0,0.0,0.01
2025-09-01,2,8.26,2346.92,2310.0,-304823.33,-0.93,533.21,131.69,24.1,569.52,407.95,1621.65,972.99,486.5,35.0,300.0,0.02
2025-09-01,3,6.78,2332.64,2310.0,-153598.06,-89.61,538.45,114.85,78.29,1194.53,275.36,1573.72,944.23,472.12,35.0,0.0,0.01
2025-09-01,1,6.46,2327.31,2310.0,-111794.03,-90.38,538.19,106.98,63.66,1155.06,297.92,1663.09,997.85,498.93,35.0,0.0,0.01
2025-09-02,1,6.24,2322.35,2310.0,-77030.38,-90.66,538.36,107.2,68.39,1109.28,295.5,1583.85,950.31,475.15,35.0,0.0,0.02
2025-09-02,2,8.46,2338.02,2310.0,-237135.81,-0.92,538.45,129.95,22.89,583.1,385.93,1381.74,829.04,414.52,35.0,0.0,0.02
2025-09-02,3,7.25,2331.26,2321.44,-71156.81,-0.89,530.38,131.79,16.82,517.23,467.21,2377.72,1426.63,713.31,44.91,0.0,0.01
2025-09-03,2,7.25,2321.78,2309.1,-91898.09,-0.93,531.01,131.85,20.6,558.24,450.96,2377.72,1426.63,713.31,44.91,0.0,0.02
2025-09-03,1,6.57,2345.0,2310.0,-229864.32,-90.07,538.62,105.42,63.77,1136.86,301.18,1562.43,937.46,468.73,35.0,0.0,0.01
2025-09-03,3,8.18,2348.85,2310.0,-317647.8,-0.89,540.74,129.23,22.4,502.27,419.98,1487.73,892.64,446.32,35.0,0.0,0.01
2025-09-04,2,8.19,2346.78,2310.0,-301199.11,-0.9,537.55,133.59,21.1,516.92,385.61,1335.46,801.28,400.64,35.0,0.0,0.01
2025-09-04,3,7.93,2322.46,2310.0,-98828.35,-0.93,540.23,128.26,10.66,553.02,397.71,1621.77,973.06,486.53,35.0,0.0,0.01
2025-09-04,1,6.72,2312.53,2310.0,-17033.34,-90.28,537.95,107.99,67.65,1117.5,296.11,1363.42,818.05,409.03,35.0,0.0,0.01
2025-09-05,1,7.42,2312.99,2310.0,-22165.36,-90.13,538.29,111.18,75.96,1192.83,304.45,1504.2,902.52,451.26,35.0,0.0,0.02
2025-09-05,2,7.36,2311.97,2310.0,-14527.8,-88.92,541.19,120.24,77.83,1141.89,295.51,1459.66,875.8,437.9,35.0,0.0,0.02
2025-09-05,3,8.28,2305.55,2310.0,36824.85,-0.9,534.59,134.82,18.48,609.56,362.79,1625.53,975.32,487.66,35.0,0.0,0.01
2025-09-06,3,7.33,2327.62,2310.0,-129166.24,-89.54,540.05,120.89,92.76,1209.69,321.06,1639.17,983.5,491.75,35.0,0.0,0.02
2025-09-06,1,7.42,2313.25,2310.0,-24086.42,-90.36,538.4,113.59,87.45,1288.97,306.63,1341.59,804.96,402.48,35.0,0.0,0.02
2025-09-06,2,8.45,2346.37,2310.0,-307333.03,-0.9,534.54,130.41,11.83,540.63,453.56,1362.77,817.66,408.83,35.0,0.0,0.01
2025-09-07,2,7.54,2312.7,2310.0,-20357.22,-89.02,538.75,122.3,72.37,1148.88,311.46,1502.71,901.62,450.81,35.0,0.0,0.02
2025-09-07,3,8.07,2294.04,2310.0,128849.43,-0.92,535.33,137.64,10.32,533.63,467.15,1430.95,858.57,429.29,35.0,0.0,0.01
2025-09-07,1,7.36,2333.03,2310.0,-169522.18,-90.08,538.16,113.83,89.11,1204.96,309.76,1625.62,975.37,487.69,35.0,0.0,0.02
2025-09-08,1,7.25,2295.33,2310.0,106431.31,-90.55,536.63,111.58,91.13,1213.77,311.06,1662.43,997.46,498.73,35.0,0.0,0.02
2025-09-08,3,7.85,2296.38,2310.0,106864.53,-0.92,536.22,134.76,10.11,623.96,369.16,1353.69,812.21,406.11,35.0,0.0,0.01
2025-09-08,2,8.4,2296.98,2310.0,109396.63,-88.63,540.17,124.99,69.34,1143.97,304.48,1319.69,791.82,395.91,35.0,0.0,0.01
2025-09-09,3,7.25,2318.01,2321.44,24923.71,-0.93,530.75,128.36,18.69,625.14,405.07,2377.72,1426.63,713.31,44.91,0.0,0.01
2025-09-09,2,8.26,2295.12,2310.0,122994.44,-88.51,540.74,127.03,81.61,1306.03,306.33,1508.6,905.16,452.58,35.0,0.0,0.02
2025-09-09,1,7.4,2318.06,2310.0,-59706.31,-90.48,538.02,112.28,84.25,1277.68,311.6,1391.45,834.87,417.44,35.0,0.0,0.02
2025-09-10,2,7.25,2300.73,2309.1,60685.85,-0.9,530.8,133.52,23.51,638.69,472.56,2377.72,1426.63,713.31,44.91,0.0,0.01
2025-09-10,1,7.95,2309.69,2310.0,2494.48,-90.31,536.13,117.34,99.2,1287.92,304.59,1611.58,966.95,483.48,35.0,0.0,0.02
2025-09-10,3,7.79,2318.79,2310.0,-68437.27,-89.37,538.61,121.32,84.84,1283.62,281.93,1424.83,854.9,427.45,35.0,0.0,0.01
2025-09-11,3,7.72,2318.48,2310.0,-65439.33,-89.02,538.65,119.97,80.69,1212.25,301.16,1466.04,879.63,439.81,35.0,0.0,0.02
2025-09-11,2,8.33,2311.18,2310.0,-9791.45,-88.18,536.41,127.03,76.45,1243.7,289.27,1329.71,797.83,398.91,35.0,0.0,0.02
2025-09-11,1,7.66,2312.8,2310.0,-21400.48,-90.42,537.95,114.2,90.65,1190.95,300.72,1549.44,929.66,464.83,35.0,0.0,0.01
2025-09-12,2,7.25,2310.5,2309.1,-10134.72,-0.91,534.63,132.17,11.18,599.61,431.61,2377.72,1426.63,713.31,44.91,0.0,0.02
2025-09-12,3,8.43,2297.62,2310.0,104337.35,-0.92,537.33,130.49,15.38,452.69,370.73,1439.4,863.64,431.82,35.0,0.0,0.01
2025-09-12,1,7.25,2304.37,2309.87,39895.22,-0.92,531.02,130.39,11.81,551.03,364.38,2377.72,1426.63,713.31,44.91,0.0,0.02
2025-09-13,2,7.25,2301.32,2309.1,56402.69,-0.88,532.75,129.51,18.83,596.36,418.78,2377.72,1426.63,713.31,44.91,0.0,0.01
2025-09-13,3,7.54,2280.7,2310.0,220982.6,-89.57,537.44,118.52,88.58,1160.7,323.07,1695.73,1017.44,508.72,35.0,0.0,0.01
2025-09-13,1,8.08,2299.72,2310.0,83082.15,-90.28,537.1,114.92,96.67,1322.59,303.63,1360.33,816.2,408.1,35.0,0.0,0.02
2025-09-14,3,7.25,2332.32,2321.44,-78813.74,-0.91,532.01,132.93,24.81,519.97,380.03,2377.72,1426.63,713.31,44.91,0.0,0.02
2025-09-14,2,7.25,2312.53,2309.1,-24843.01,-0.9,531.21,130.56,12.62,502.97,386.33,2377.72,1426.63,713.31,44.91,0.0,0.02
2025-09-14,1,8.34,2315.24,2310.0,-43725.69,-90.25,537.48,117.6,109.17,1209.84,301.97,1415.55,849.33,424.66,35.0,0.0,0.01
2025-09-15,2,7.3,2308.24,2310.0,12848.87,-89.0,539.66,121.77,73.98,1166.58,302.16,1393.5,836.1,418.05,35.0,0.0,0.02
2025-09-15,1,7.24,2309.99,2310.0,36.96,-90.31,537.67,111.81,90.83,1111.75,297.22,1465.23,879.14,439.57,35.0,0.0,0.01
2025-09-15,3,6.85,2340.4,2310.0,-208270.15,-89.54,536.7,116.06,88.67,1126.36,322.55,1411.27,846.76,423.38,35.0,300.0,0.01
2025-09-16,1,7.55,2283.38,2310.0,201040.76,-90.09,537.08,110.41,87.96,1080.55,300.22,1685.02,1011.01,505.51,35.0,0.0,0.02
2025-09-16,2,8.17,2300.29,2310.0,79274.97,-0.9,540.58,136.59,21.28,476.0,362.63,1556.87,934.12,467.06,35.0,0.0,0.02
2025-09-16,3,7.25,2320.85,2321.44,4282.36,-0.92,533.34,139.46,14.29,523.98,411.67,2377.72,1426.63,713.31,44.91,0.0,0.02
2025-09-17,3,7.41,2337.0,2310.0,-200202.11,-89.73,538.7,117.61,94.35,1159.02,314.17,1347.15,808.29,404.14,35.0,0.0,0.01
2025-09-17,1,7.79,2302.65,2310.0,57249.54,-90.35,536.95,114.78,103.92,1171.95,297.46,1591.03,954.62,477.31,35.0,0.0,0.01
2025-09-17,2,8.08,2346.05,2310.0,-291149.35,-0.93,541.67,128.76,16.94,543.32,402.11,1373.97,824.38,412.19,35.0,0.0,0.01
2025-09-18,2,7.76,2310.48,2310.0,-3712.12,-88.79,540.13,123.44,77.2,1163.33,286.94,1430.41,858.25,429.12,35.0,0.0,0.01
2025-09-18,1,8.12,2303.16,2310.0,55554.3,-90.3,536.99,116.4,107.3,1157.56,300.18,1577.1,946.26,473.13,35.0,0.0,0.02
2025-09-18,3,7.63,2298.44,2310.0,88214.64,-89.4,537.77,118.06,87.42,1137.9,311.82,1668.54,1001.12,500.56,35.0,0.0,0.02
2025-09-19,2,8.38,2344.01,2310.0,-285024.55,-0.92,536.12,138.87,24.98,599.22,446.4,1335.27,801.16,400.58,35.0,0.0,0.01
2025-09-19,3,7.78,2291.56,2310.0,143492.72,-89.44,537.94,120.32,93.86,1249.17,286.2,1466.06,879.63,439.82,35.0,0.0,0.02
2025-09-19,1,8.05,2305.75,2310.0,34218.89,-90.43,537.86,118.15,107.94,1408.0,222.0,1530.6,918.36,459.18,35.0,0.0,0.02
2025-09-20,1,8.39,2310.17,2310.0,-1461.57,-90.44,536.53,119.44,101.21,1233.53,317.49,1517.71,910.63,455.31,35.0,0.0,0.02
2025-09-20,3,7.68,2289.64,2310.0,156308.27,-89.34,536.81,121.03,102.86,1238.56,313.92,1348.86,809.32,404.66,35.0,0.0,0.02
2025-09-20,2,8.45,2308.09,2310.0,16126.57,-88.04,538.97,129.03,83.1,1274.8,269.66,1335.56,801.34,400.67,35.0,0.0,0.02
2025-09-21,3,7.55,2282.67,2310.0,206266.24,-89.11,536.13,120.52,98.43,1244.07,299.98,1680.69,1008.41,504.21,35.0,0.0,0.02
2025-09-21,1,7.25,2312.6,2309.87,-19801.71,-0.92,534.11,128.73,20.36,589.14,385.7,2377.72,1426.63,713.31,44.91,0.0,0.02
2025-09-21,2,8.03,2337.23,2310.0,-218523.16,-0.92,540.04,137.96,13.23,585.9,401.26,1682.29,1009.37,504.69,35.0,0.0,0.01
2025-09-22,3,7.25,2320.96,2321.44,3507.74,-0.9,533.63,136.32,20.04,492.25,444.48,2377.72,1426.63,713.31,44.91,0.0,0.02
2025-09-22,1,7.36,2307.63,2310.0,17422.21,-90.31,537.34,113.83,83.25,1243.05,302.95,1406.88,844.13,422.06,35.0,0.0,0.02
2025-09-22,2,7.34,2304.59,2310.0,39701.05,-88.56,538.84,123.93,76.71,1205.45,287.62,1633.47,980.08,490.04,35.0,0.0,0.02
2025-09-23,3,7.56,2321.77,2310.0,-88955.35,-89.54,535.28,118.73,80.46,1216.64,328.92,1442.48,865.49,432.74,35.0,0.0,0.01
2025-09-23,2,8.05,2321.95,2310.0,-96254.38,-0.93,541.85,138.61,15.19,566.47,351.21,1693.15,1015.89,507.94,35.0,0.0,0.02
2025-09-23,1,7.94,2312.23,2310.0,-17713.97,-90.01,536.57,114.57,80.56,1137.16,313.96,1592.17,955.3,477.65,35.0,0.0,0.01
2025-09-24,2,7.25,2308.62,2309.1,3477.24,-0.93,536.07,133.36,16.7,584.8,384.38,2377.72,1426.63,713.31,44.91,0.0,0.01
2025-09-24,3,6.84,2332.37,2310.0,-153061.45,-89.68,535.84,116.03,85.11,1243.22,306.86,1652.52,991.51,495.76,35.0,0.0,0.01
2025-09-24,1,7.25,2311.25,2309.87,-10000.67,-0.88,536.97,131.53,16.36,542.19,471.25,2377.72,1426.63,713.31,44.91,0.0,0.02
2025-09-25,3,7.36,2290.14,2310.0,146125.62,-89.34,537.02,117.47,79.35,1174.02,319.08,1523.48,914.09,457.04,35.0,0.0,0.01
2025-09-25,2,8.0,2290.91,2310.0,152764.21,-0.91,533.43,132.86,23.41,541.59,406.61,1628.03,976.82,488.41,35.0,0.0,0.01
2025-09-25,1,7.55,2286.01,2310.0,180993.35,-90.12,536.61,111.85,86.73,1106.74,297.0,1677.5,1006.5,503.25,35.0,0.0,0.02
2025-09-26,3,7.37,2324.55,2310.0,-107304.18,-89.21,539.5,122.21,93.3,1260.94,298.63,1494.21,896.52,448.26,35.0,0.0,0.01
2025-09-26,1,7.62,2308.28,2310.0,13112.4,-90.27,536.54,115.78,95.67,1095.3,293.93,1563.6,938.16,469.08,35.0,0.0,0.02
2025-09-26,2,7.77,2306.68,2310.0,25815.61,-88.14,539.6,125.51,82.07,1159.27,294.13,1606.85,964.11,482.05,35.0,0.0,0.02
2025-09-27,1,7.25,2311.35,2309.87,-10725.38,-0.9,539.87,129.88,20.71,580.24,428.55,2377.72,1426.63,713.31,44.91,0.0,0.02
2025-09-27,3,7.16,2318.53,2310.0,-61134.32,-89.26,539.58,119.86,94.05,1251.07,315.37,1602.12,961.27,480.64,35.0,0.0,0.02
2025-09-27,2,8.05,2309.37,2310.0,5053.72,-88.1,539.2,125.63,84.9,1195.24,275.91,1548.19,928.91,464.46,35.0,0.0,0.01
2025-09-28,1,7.47,2316.12,2310.0,-45683.96,-90.15,537.3,113.39,95.38,1107.65,294.82,1631.56,978.94,489.47,35.0,0.0,0.02
2025-09-28,3,6.81,2280.96,2310.0,197889.55,-89.55,536.55,117.09,74.76,1123.19,319.89,1665.89,999.53,499.77,35.0,0.0,0.01
2025-09-28,2,8.18,2311.83,2310.0,-14967.36,-0.89,541.44,137.39,13.94,490.07,419.55,1532.75,919.65,459.83,35.0,0.0,0.02
2025-09-29,3,7.25,2332.41,2321.44,-79496.99,-0.91,540.35,134.83,14.64,617.1,375.96,2377.72,1426.63,713.31,44.91,0.0,0.01
2025-09-29,1,7.28,2317.58,2310.0,-55213.92,-90.35,536.52,115.21,94.99,1109.27,291.66,1594.45,956.67,478.33,35.0,0.0,0.01
2025-09-29,2,8.43,2343.39,2310.0,-281650.53,-0.88,536.29,138.97,20.29,492.17,431.87,1613.16,967.9,483.95,35.0,0.0,0.01
2025-09-30,1,7.69,2320.4,2310.0,-79987.34,-90.19,537.46,115.96,98.04,1125.66,295.97,1327.91,796.75,398.37,35.0,0.0,0.01
2025-09-30,2,7.25,2311.89,2309.1,-20247.48,-0.91,536.46,134.22,19.99,620.87,394.5,2377.72,1426.63,713.31,44.91,0.0,0.01
2025-09-30,3,7.25,2322.63,2321.44,-8559.51,-0.9,540.08,128.61,14.29,587.35,407.25,2377.72,1426.63,713.31,44.91,0.0,0.02
2025-10-01,1,8.31,2314.75,2310.0,-39457.16,-90.25,537.71,118.21,103.83,1136.19,298.74,1482.88,889.73,444.86,35.0,0.0,0.02
2025-10-01,2,3.23,0.0,2310.0,7454212.92,-78.22,399.29,101.06,38.98,568.11,120.28,1420.16,852.1,426.05,35.0,0.0,0.02
2025-10-01,3,7.3,2330.65,2310.0,-150675.75,-89.38,538.29,121.01,84.27,1184.42,314.98,1328.2,796.92,398.46,35.0,0.0,0.01
2025-10-02,3,7.25,2339.55,2330.86,-62962.34,-0.9,538.9,131.87,13.16,551.03,355.5,1834.45,1100.67,550.33,45.02,0.0,0.02
2025-10-02,1,7.47,2331.23,2310.0,-158675.68,-90.11,537.78,114.96,88.52,1137.91,299.2,1436.04,861.62,430.81,35.0,0.0,0.02
2025-10-02,2,7.99,2320.88,2310.0,-86939.55,-0.92,538.48,133.04,17.12,583.38,412.99,1454.18,872.51,436.25,35.0,0.0,0.01
2025-10-03,1,6.68,2305.91,2310.0,27329.67,-90.1,537.78,109.48,80.37,1146.7,301.51,1422.03,853.22,426.61,35.0,0.0,0.02
2025-10-03,2,3.61,2304.0,2310.0,21622.97,-69.45,414.32,83.16,45.63,628.25,159.61,1386.46,831.88,415.94,35.0,0.0,0.01
2025-10-03,3,8.0,2281.78,2310.0,225874.36,-0.92,531.66,128.92,16.83,484.76,412.06,1381.83,829.1,414.55,35.0,0.0,0.02
2025-10-04,3,7.25,2317.95,2330.86,93615.01,-0.88,534.88,136.49,12.01,488.35,406.27,1834.45,1100.67,550.33,45.02,0.0,0.01
2025-10-04,1,7.97,2307.21,2310.0,22215.08,-90.52,537.04,115.07,90.56,1126.2,296.12,1303.87,782.32,391.16,35.0,0.0,0.01
2025-10-04,2,8.06,2309.95,2310.0,398.1,-88.45,538.53,124.81,91.86,1342.57,330.95,1634.29,980.57,490.29,35.0,0.0,0.02
2025-10-05,2,7.79,2315.01,2310.0,-39034.77,-88.65,538.21,127.04,98.56,1364.57,348.11,1405.45,843.27,421.63,35.0,0.0,0.02
2025-10-05,3,8.41,2297.46,2310.0,105485.53,-0.9,531.92,135.82,18.48,574.0,423.13,1328.75,797.25,398.63,35.0,0.0,0.01
2025-10-05,1,7.25,2316.48,2314.75,-12504.02,-0.91,533.94,129.27,19.67,460.01,375.7,1834.45,1100.67,550.33,45.02,0.0,0.01
2025-10-06,3,6.66,2324.79,2310.0,-98561.54,-89.89,538.83,115.54,79.55,1136.24,322.84,1664.06,998.44,499.22,35.0,0.0,0.02
2025-10-06,1,7.19,2317.25,2310.0,-52113.93,-90.17,537.48,111.48,96.88,1129.18,296.9,1586.14,951.68,475.84,35.0,0.0,0.01
2025-10-06,2,7.19,2315.21,2310.0,-37451.16,-89.14,538.96,121.08,85.66,1266.18,357.56,1467.21,880.33,440.16,35.0,0.0,0.02
2025-10-07,1,7.25,2316.23,2314.75,-10752.7,-0.88,532.11,138.01,11.74,625.26,368.5,1834.45,1100.67,550.33,45.02,0.0,0.01
2025-10-07,3,7.25,2327.23,2330.86,26359.52,-0.88,536.95,135.76,16.56,452.37,358.83,1834.45,1100.67,550.33,45.02,0.0,0.02
2025-10-07,2,8.45,2299.11,2310.0,92018.43,-0.92,532.32,129.48,22.91,624.62,454.44,1497.37,898.42,449.21,35.0,0.0,0.02
2025-10-08,3,7.14,2333.42,2310.0,-167092.58,-90.14,539.29,117.26,83.98,1160.89,316.67,1613.93,968.36,484.18,35.0,0.0,0.02
2025-10-08,1,6.99,2315.34,2310.0,-37372.07,-90.51,536.28,110.83,89.42,1127.58,297.03,1529.89,917.94,458.97,35.0,0.0,0.01
2025-10-08,2,6.89,2312.12,2310.0,-14574.35,-89.83,539.99,120.69,88.62,1287.36,298.1,1444.45,866.67,433.34,35.0,0.0,0.02
2025-10-09,1,7.24,2314.73,2310.0,-34211.57,-90.45,537.48,114.45,100.33,1008.41,286.84,1398.97,839.38,419.69,35.0,0.0,0.01
2025-10-09,3,7.88,2325.39,2310.0,-121238.47,-0.92,532.42,129.84,10.41,459.77,453.09,1397.99,838.79,419.4,35.0,0.0,0.02
2025-10-09,2,7.46,2312.27,2310.0,-16924.51,-89.59,538.86,124.93,92.76,1300.23,310.07,1558.66,935.19,467.6,35.0,0.0,0.02
2025-10-10,2,7.44,2316.17,2310.0,-45898.99,-89.57,539.03,124.68,91.74,1324.66,305.54,1649.74,989.84,494.92,35.0,0.0,0.02
2025-10-10,1,7.31,2314.34,2310.0,-31679.49,-90.62,538.38,113.99,98.62,1247.85,271.06,1652.31,991.38,495.69,35.0,0.0,0.01
2025-10-10,3,8.09,2316.01,2310.0,-48622.89,-0.89,541.99,130.06,24.85,624.0,350.69,1568.39,941.03,470.52,35.0,0.0,0.02
2025-10-11,1,7.33,2335.42,2310.0,-186381.06,-90.65,537.24,115.36,99.69,1107.95,300.62,1447.65,868.59,434.29,35.0,0.0,0.01
2025-10-11,2,7.19,2310.91,2310.0,-6545.33,-89.53,539.42,125.51,92.83,1347.52,279.15,1480.24,888.14,444.07,35.0,8.24,0.01
2025-10-11,3,8.01,2336.91,2310.0,-215702.95,-0.93,540.38,130.95,12.55,574.92,367.45,1456.99,874.2,437.1,35.0,0.0,0.01
2025-10-12,1,7.47,2318.98,2310.0,-67096.38,-90.72,537.36,115.04,98.11,1163.52,318.79,1614.84,968.9,484.45,35.0,0.0,0.02
2025-10-12,3,7.25,2334.04,2330.86,-22982.59,-0.9,541.13,138.53,22.55,451.62,472.87,1834.45,1100.67,550.33,45.02,0.0,0.01
2025-10-12,2,8.22,2329.87,2310.0,-163337.63,-90.23,539.68,122.2,93.22,1135.98,307.48,1347.62,808.57,404.29,35.0,0.0,0.02
2025-10-13,2,7.9,2293.25,2310.0,132370.15,-0.93,531.31,133.68,21.08,460.63,446.41,1546.33,927.8,463.9,35.0,0.0,0.01
2025-10-13,1,7.16,2293.89,2310.0,115241.91,-91.01,536.72,112.63,95.86,1127.9,309.9,1657.26,994.35,497.18,35.0,0.0,0.02
2025-10-13,3,7.36,2280.84,2310.0,214699.76,-90.08,536.67,118.31,73.31,1227.59,296.51,1567.12,940.27,470.14,35.0,0.0,0.02
2025-10-14,2,7.68,2306.88,2310.0,23944.47,-89.43,539.24,125.59,93.05,1273.53,319.13,1617.61,970.56,485.28,35.0,0.0,0.02
2025-10-14,3,7.96,2326.41,2310.0,-130628.68,-90.16,538.82,122.57,86.27,1290.69,307.04,1693.92,1016.35,508.18,35.0,0.0,0.02
2025-10-14,1,7.25,2314.36,2314.75,2838.73,-0.89,534.49,135.79,22.27,454.51,458.8,1834.45,1100.67,550.33,45.02,0.0,0.01
2025-10-15,3,8.25,2334.6,2310.0,-202823.31,-90.11,536.38,122.1,76.58,1306.84,320.8,1391.34,834.8,417.4,35.0,0.0,0.01
2025-10-15,1,7.62,2312.08,2310.0,-15834.14,-90.78,536.66,116.04,101.0,1219.37,321.32,1591.48,954.89,477.44,35.0,0.0,0.01
2025-10-15,2,7.82,2322.11,2310.0,-94750.35,-0.92,535.06,139.63,10.36,571.49,441.23,1544.1,926.46,463.23,35.0,300.0,0.02
2025-10-16,1,7.98,2311.98,2310.0,-15801.22,-90.67,537.27,116.21,91.48,1192.97,300.13,1410.45,846.27,423.13,35.0,18.81,0.01
2025-10-16,2,7.97,2306.4,2310.0,28717.35,-89.23,539.13,124.89,96.07,1246.21,334.3,1466.14,879.68,439.84,35.0,18.81,0.02
2025-10-16,3,7.71,2319.65,2310.0,-74423.8,-90.17,538.26,119.84,70.66,1261.61,329.86,1538.26,922.96,461.48,35.0,18.81,0.02
2025-10-17,1,7.89,2318.33,2310.0,-65721.43,-90.9,537.18,115.36,100.53,1095.13,293.71,1494.71,896.83,448.41,35.0,0.0,0.01
2025-10-17,2,7.89,2304.94,2310.0,39935.79,-89.62,539.29,125.94,95.56,1252.52,299.29,1635.23,981.14,490.57,35.0,0.0,0.01
2025-10-17,3,8.25,2327.08,2310.0,-140931.81,-90.23,539.59,122.77,76.34,1313.54,318.34,1356.32,813.79,406.9,35.0,0.0,0.02
2025-10-18,2,8.21,2317.56,2310.0,-62028.26,-0.88,530.14,132.07,14.04,479.25,479.46,1691.99,1015.2,507.6,35.0,0.0,0.01
2025-10-18,3,8.22,2338.9,2310.0,-237693.15,-90.15,538.57,122.23,80.46,1325.58,311.24,1460.06,876.03,438.02,35.0,0.0,0.01
2025-10-18,1,7.25,2339.98,2314.75,-182895.41,-0.94,533.0,135.32,16.59,584.19,401.81,1834.45,1100.67,550.33,45.02,0.0,0.02
2025-10-19,3,7.96,2340.72,2310.0,-244696.56,-90.1,538.98,121.09,83.49,1292.25,296.6,1537.42,922.45,461.23,35.0,0.0,0.01
2025-10-19,2,8.16,2308.31,2310.0,13778.64,-89.39,537.73,126.67,97.94,1292.97,296.2,1627.04,976.22,488.11,35.0,0.0,0.01
2025-10-19,1,2.26,2316.08,2310.0,-13735.64,-81.25,498.05,64.71,30.95,433.24,117.52,1412.71,847.63,423.81,35.0,0.0,0.01
2025-10-20,1,7.83,2316.82,2310.0,-53362.87,-90.48,536.99,114.21,92.01,1301.2,245.37,1303.1,781.86,390.93,35.0,0.0,0.02
2025-10-20,3,7.18,2286.13,2310.0,171498.31,-90.08,535.16,115.12,65.69,1155.8,279.94,1605.19,963.11,481.56,35.0,0.0,0.01
2025-10-20,2,8.16,2297.86,2310.0,99012.44,-0.9,533.25,131.33,14.33,526.31,359.95,1379.08,827.45,413.72,35.0,0.0,0.02
2025-10-21,3,7.55,2285.36,2310.0,186042.9,-90.04,537.31,116.62,75.03,1223.65,293.66,1344.94,806.96,403.48,35.0,0.0,0.02
2025-10-21,2,8.17,2340.43,2310.0,-248676.46,-0.9,535.61,139.93,20.67,556.81,467.23,1632.91,979.75,489.87,35.0,0.0,0.02
2025-10-21,1,7.64,2318.31,2310.0,-63517.86,-90.53,537.35,112.42,86.61,1145.87,266.89,1612.62,967.57,483.79,35.0,0.0,0.02
2025-10-22,1,7.43,2317.8,2310.0,-57988.45,-90.68,536.92,114.34,93.86,1152.36,340.79,1606.76,964.06,482.03,35.0,0.0,0.02
2025-10-22,2,7.46,2319.32,2310.0,-69548.75,-89.61,538.73,125.07,90.52,1227.68,303.09,1305.09,783.05,391.53,35.0,10.09,0.02
2025-10-22,3,7.23,2317.08,2310.0,-51183.17,-90.18,536.71,119.65,81.66,1221.5,295.6,1651.52,990.91,495.46,35.0,0.0,0.01
2025-10-23,2,6.97,2312.98,2310.0,-20804.65,-90.02,539.19,124.24,88.19,1193.73,318.72,1561.5,936.9,468.45,35.0,0.0,0.02
2025-10-23,1,7.29,2287.69,2310.0,162681.62,-90.81,537.53,114.9,94.15,1152.91,323.42,1598.03,958.82,479.41,35.0,0.0,0.01
2025-10-23,3,6.89,2342.46,2310.0,-223767.85,-90.36,538.8,119.1,79.56,1177.36,310.73,1471.37,882.82,441.41,35.0,0.0,0.02
2025-10-24,1,7.63,2342.79,2310.0,-250089.17,-90.66,536.64,116.62,94.99,1167.44,289.29,1653.92,992.35,496.18,35.0,0.0,0.02
2025-10-24,2,7.25,2307.57,2309.73,15597.99,-0.94,535.6,137.86,22.49,614.58,426.67,1834.45,1100.67,550.33,45.02,0.0,0.01
2025-10-24,3,7.25,2330.86,2330.86,0.0,-0.88,539.13,135.76,11.88,487.77,449.99,1834.45,1100.67,550.33,45.02,0.0,0.01
2025-10-25,1,8.4,2312.01,2310.0,-16918.14,-90.7,537.17,119.35,99.78,1242.91,312.62,1339.24,803.55,401.77,35.0,0.0,0.01
2025-10-25,2,7.97,2309.84,2310.0,1304.91,-0.9,531.45,135.41,15.69,524.13,466.11,1350.68,810.41,405.2,35.0,0.0,0.01
2025-10-25,3,8.25,2329.44,2310.0,-160370.97,-89.85,538.58,121.82,78.86,1333.35,244.4,1666.47,999.88,499.94,35.0,0.0,0.02
2025-10-26,3,8.06,2288.91,2310.0,170050.62,-90.12,538.11,121.53,95.62,1313.98,358.03,1314.22,788.53,394.27,35.0,0.0,0.01
2025-10-26,2,8.12,2319.75,2310.0,-79223.57,-0.91,541.04,132.9,20.52,649.41,421.82,1497.02,898.21,449.11,35.0,0.0,0.01
2025-10-26,1,7.25,2320.02,2314.75,-38194.21,-0.93,537.16,139.79,16.22,509.27,381.73,1834.45,1100.67,550.33,45.02,0.0,0.01
2025-10-27,1,7.6,2301.32,2310.0,65987.35,-90.75,536.64,115.45,96.91,1127.32,302.5,1539.22,923.53,461.77,35.0,0.0,0.01
2025-10-27,2,7.25,2309.24,2309.73,3521.69,-0.93,539.93,132.35,22.55,593.05,395.43,1834.45,1100.67,550.33,45.02,0.0,0.02
2025-10-27,3,7.25,2341.23,2330.86,-75108.52,-0.9,532.05,137.92,24.93,484.24,469.82,1834.45,1100.67,550.33,45.02,0.0,0.01
2025-10-28,2,8.26,2306.78,2310.0,26613.21,-0.92,537.76,136.57,15.16,619.16,472.64,1313.28,787.97,393.98,35.0,0.0,0.01
2025-10-28,3,7.5,2304.63,2310.0,40276.32,-90.17,537.37,118.84,79.41,1215.03,297.18,1462.15,877.29,438.64,35.0,0.0,0.01
2025-10-28,1,8.06,2320.88,2310.0,-87662.75,-90.58,536.82,118.33,106.81,1187.08,286.34,1468.99,881.39,440.7,35.0,0.0,0.01
2025-10-29,3,7.52,2310.62,2310.0,-4642.37,-90.06,537.92,118.29,75.74,1204.09,298.63,1691.46,1014.87,507.44,35.0,0.0,0.02
2025-10-29,1,7.33,2314.3,2310.0,-31516.64,-90.47,537.55,112.69,82.56,1120.77,279.68,1320.92,792.55,396.28,35.0,0.0,0.02
2025-10-29,2,6.92,2320.4,2310.0,-71892.3,-89.92,539.96,123.23,86.43,1182.47,300.8,1426.94,856.16,428.08,35.0,0.0,0.01
2025-10-30,2,8.2,2321.21,2310.0,-91906.79,-0.89,531.78,137.55,15.62,469.43,425.54,1629.35,977.61,488.81,35.0,0.0,0.01
2025-10-30,1,7.03,2318.78,2310.0,-61687.07,-90.61,537.93,110.21,85.36,1141.64,263.35,1330.39,798.23,399.12,35.0,0.0,0.01
2025-10-30,3,6.37,2337.18,2310.0,-173189.42,-90.13,535.02,113.3,68.53,1111.29,269.41,1327.62,796.57,398.29,35.0,0.0,0.01
2025-10-31,3,7.51,2345.06,2310.0,-263265.34,-90.08,538.79,117.04,77.07,1177.97,286.2,1375.09,825.05,412.53,35.0,0.0,0.01
2025-10-31,2,7.41,2313.67,2310.0,-27215.84,-89.55,540.03,122.94,85.06,1196.31,294.07,1472.27,883.36,441.68,35.0,0.0,0.02
2025-10-31,1,7.59,2323.8,2310.0,-104775.27,-90.52,537.48,113.15,94.48,1155.22,283.09,1580.69,948.42,474.21,35.0,0.0,0.02
2025-11-01,1,7.44,2292.19,2310.0,132611.31,-90.57,538.23,117.26,101.97,1224.4,289.09,1643.43,986.06,493.03,35.0,300.0,0.02
2025-11-01,3,8.0,2307.79,2310.0,17700.81,-0.88,536.39,137.89,11.23,533.68,384.67,1401.9,841.14,420.57,35.0,300.0,0.02
2025-11-01,2,8.4,2341.52,2310.0,-264723.05,-0.88,532.04,130.44,13.26,530.48,436.75,1629.23,977.54,488.77,35.0,300.0,0.02
2025-11-02,1,8.01,2320.99,2310.0,-88038.65,-90.45,537.79,117.17,97.99,1171.12,291.03,1502.82,901.69,450.85,35.0,0.0,0.01
2025-11-02,2,7.92,2321.08,2310.0,-87736.08,-89.27,538.25,125.56,94.31,1216.02,301.17,1522.02,913.21,456.6,35.0,0.0,0.02
2025-11-02,3,6.72,2394.28,2310.0,-566237.73,-90.24,538.91,118.61,85.77,1148.53,282.78,1679.2,1007.52,503.76,35.0,0.0,0.01
2025-11-03,2,7.82,2283.94,2310.0,203870.78,-0.92,537.72,128.95,21.44,516.96,378.02,1322.47,793.48,396.74,35.0,0.0,0.02
2025-11-03,3,7.25,0.0,0.0,0.0,-0.91,537.3,135.87,13.37,453.94,351.43,2065.66,1239.4,619.7,44.07,0.0,0.02
2025-11-03,1,7.58,2311.09,2310.0,-8223.36,-90.37,536.81,114.05,86.48,1115.3,290.2,1460.87,876.52,438.26,35.0,0.0,0.01
2025-11-04,1,7.5,2318.11,2310.0,-60808.62,-90.41,537.04,113.81,90.14,1129.32,292.33,1634.39,980.63,490.32,35.0,0.0,0.02
2025-11-04,2,7.62,2318.22,2310.0,-62667.59,-89.83,538.38,123.08,78.69,1178.35,302.94,1600.26,960.16,480.08,35.0,0.0,0.01
2025-11-04,3,0.0,0.0,2310.0,-8460.14,0.19,177.96,31.43,8.05,0.0,0.0,1572.49,943.49,471.75,35.0,0.0,0.01
2025-11-05,3,0.0,0.0,2310.0,-8465.69,0.19,127.63,26.11,3.8,0.0,0.0,1508.08,904.85,452.42,35.0,20.32,0.02
2025-11-05,2,7.25,2325.41,2314.05,-82363.57,-0.91,534.71,133.39,15.26,635.16,383.0,2065.66,1239.4,619.7,44.07,0.0,0.02
2025-11-05,1,7.8,2285.78,2310.0,188974.61,-90.27,537.65,113.34,94.87,1153.05,298.49,1477.28,886.37,443.19,35.0,0.0,0.02
2025-11-06,3,7.25,0.0,0.0,0.0,-0.88,532.84,137.86,10.92,543.01,420.91,2065.66,1239.4,619.7,44.07,0.0,0.01
2025-11-06,1,7.25,2326.6,2314.7,-86212.06,-0.94,531.51,128.92,15.91,552.43,439.44,2065.66,1239.4,619.7,44.07,0.0,0.01
2025-11-06,2,7.43,2325.55,2310.0,-115525.19,-90.3,539.61,122.81,88.39,1113.1,302.42,1475.87,885.52,442.76,35.0,11.48,0.02
2025-11-07,2,7.4,2328.91,2310.0,-139984.66,-90.11,539.34,122.7,88.06,1153.75,319.34,1669.85,1001.91,500.96,35.0,0.0,0.02
2025-11-07,3,8.21,2321.43,2310.0,-93830.05,-0.89,534.55,128.73,22.53,465.96,355.38,1377.26,826.35,413.18,35.0,0.0,0.01
2025-11-07,1,7.37,2325.81,2310.0,-116487.78,-90.35,537.84,113.49,100.66,1223.24,300.18,1399.67,839.8,419.9,35.0,0.0,0.02
2025-11-08,3,8.25,2341.93,2310.0,-263479.81,-0.92,537.53,135.81,11.82,591.72,475.96,1488.29,892.98,446.49,35.0,0.0,0.01
2025-11-08,2,7.16,2319.29,2310.0,-66527.09,-90.16,539.4,122.99,93.05,1186.37,313.96,1541.5,924.9,462.45,35.0,11.46,0.02
2025-11-08,1,7.54,2312.67,2310.0,-20138.01,-90.37,536.99,113.35,92.26,1227.54,308.78,1394.75,836.85,418.43,35.0,0.0,0.01
2025-11-09,3,0.0,0.0,2310.0,-9208.58,0.19,72.1,24.41,3.68,0.0,0.0,1511.89,907.13,453.57,35.0,9.84,0.01
2025-11-09,2,7.54,2319.83,2310.0,-74152.87,-90.06,539.13,121.5,85.11,1153.81,324.14,1511.67,907.0,453.5,35.0,9.84,0.01
2025-11-09,1,7.56,2325.57,2310.0,-117660.69,-90.49,538.19,112.51,92.08,1100.46,288.84,1395.23,837.14,418.57,35.0,9.84,0.01
2025-11-10,1,7.48,2284.79,2310.0,188661.18,-90.3,537.92,110.67,95.79,1164.06,300.66,1606.83,964.1,482.05,35.0,0.0,0.01
2025-11-10,3,0.0,0.0,2310.0,-9230.76,0.19,65.4,23.04,3.76,0.0,0.0,1337.04,802.22,401.11,35.0,0.0,0.02
2025-11-10,2,7.5,2323.95,2310.0,-104654.71,-89.98,539.82,119.75,84.69,1155.57,305.39,1481.53,888.92,444.46,35.0,0.0,0.02
2025-11-11,2,7.96,2315.34,2310.0,-42452.53,-90.14,539.13,123.93,99.07,1224.84,275.85,1562.57,937.54,468.77,35.0,0.0,0.02
2025-11-11,1,8.07,2321.04,2310.0,-89137.02,-90.3,537.99,114.86,102.57,1295.44,298.44,1671.2,1002.72,501.36,35.0,0.0,0.01
2025-11-11,3,8.22,2285.82,2310.0,198784.76,-0.91,538.58,128.99,15.8,630.41,411.35,1416.85,850.11,425.05,35.0,0.0,0.02
2025-11-12,3,0.0,0.0,2310.0,-9230.76,0.19,55.4,22.25,3.79,0.0,0.0,1432.01,859.21,429.6,35.0,0.0,0.02
2025-11-12,2,7.25,2317.47,2314.05,-24808.93,-0.89,537.34,129.1,17.93,487.26,470.32,2065.66,1239.4,619.7,44.07,0.0,0.01
2025-11-12,1,7.92,2316.92,2310.0,-54795.01,-90.34,538.02,112.15,86.65,1185.65,317.33,1463.57,878.14,439.07,35.0,0.0,0.01
2025-11-13,3,0.0,0.0,2310.0,-9225.22,0.19,50.96,21.48,4.15,494.72,447.69,1630.47,978.28,489.14,35.0,21.72,0.01
2025-11-13,2,7.86,2299.53,2310.0,82359.05,-0.93,537.77,132.59,23.88,636.46,380.47,1484.11,890.47,445.23,35.0,0.0,0.01
2025-11-13,1,7.95,2281.62,2310.0,225624.79,-90.56,537.64,111.75,94.77,1229.05,323.32,1657.04,994.22,497.11,35.0,0.0,0.01
2025-11-14,1,7.25,2313.88,2314.7,5950.9,-0.9,540.62,130.21,20.81,519.7,383.82,2065.66,1239.4,619.7,44.07,0.0,0.02
2025-11-14,2,7.25,2312.93,2314.05,8111.72,-0.91,538.87,128.68,17.5,485.84,472.45,2065.66,1239.4,619.7,44.07,0.0,0.01
2025-11-14,3,0.0,0.0,2310.0,-9225.22,0.19,47.06,20.46,3.67,478.98,461.54,1366.6,819.96,409.98,35.0,0.0,0.02
2025-11-15,1,8.0,2281.1,2310.0,231038.23,-90.86,537.78,111.24,89.11,1201.56,284.89,1652.59,991.56,495.78,35.0,300.0,0.01
2025-11-15,3,7.97,0.0,2310.0,18414123.65,-0.88,530.1,131.48,23.88,559.54,458.01,1679.64,1007.78,503.89,35.0,0.0,0.01
2025-11-15,2,7.25,2318.19,2314.05,-30052.6,-0.94,541.56,128.21,10.83,549.06,397.46,2065.66,1239.4,619.7,44.07,0.0,0.01
2025-11-16,2,7.63,2318.16,2310.0,-62257.98,-90.23,539.42,120.36,92.47,1268.14,299.68,1573.98,944.39,472.19,35.0,0.0,0.01
2025-11-16,3,8.41,2328.23,2310.0,-153357.87,-0.93,538.03,130.09,16.94,493.25,355.79,1532.47,919.48,459.74,35.0,0.0,0.01
2025-11-16,1,7.61,2305.71,2310.0,32660.77,-90.67,537.79,108.75,84.24,1173.16,282.6,1582.0,949.2,474.6,35.0,0.0,0.01
2025-11-17,2,7.43,2338.51,2310.0,-211907.91,-90.52,539.74,118.82,86.18,1290.85,312.64,1528.48,917.09,458.54,35.0,0.0,0.02
2025-11-17,1,7.46,2314.21,2310.0,-31386.42,-90.59,537.82,109.24,83.65,1158.61,293.45,1382.08,829.25,414.62,35.0,0.0,0.01
2025-11-17,3,7.25,0.0,0.0,0.0,-0.9,534.08,131.29,10.13,635.8,477.32,2065.66,1239.4,619.7,44.07,0.0,0.01
2025-11-18,3,7.25,0.0,0.0,0.0,-0.93,533.13,135.51,20.72,467.7,416.01,2065.66,1239.4,619.7,44.07,0.0,0.01
2025-11-18,2,7.25,2342.0,2314.05,-202583.79,-0.91,535.31,136.82,18.71,542.74,456.27,2065.66,1239.4,619.7,44.07,0.0,0.01
2025-11-18,1,7.25,2320.62,2314.7,-42917.73,-0.94,530.95,128.32,12.53,525.59,410.37,2065.66,1239.4,619.7,44.07,0.0,0.01
2025-11-19,2,8.26,2311.48,2310.0,-12258.12,-90.09,540.04,122.31,98.19,1338.99,316.92,1332.17,799.3,399.65,35.0,10.46,0.02
2025-11-19,1,7.25,2315.99,2314.7,-9366.71,-0.9,534.12,134.97,23.75,571.8,414.46,2065.66,1239.4,619.7,44.07,0.0,0.02
2025-11-19,3,7.85,2307.21,2310.0,21881.27,-0.91,532.23,129.84,20.59,586.18,431.06,1606.64,963.98,481.99,35.0,0.0,0.01
2025-11-20,2,8.34,2305.9,2310.0,34242.41,-89.98,539.46,122.6,88.58,1278.71,297.65,1500.78,900.47,450.23,35.0,0.0,0.01
2025-11-20,3,8.05,0.0,2310.0,18601250.28,-0.88,532.5,134.87,18.44,565.44,383.35,1488.0,892.8,446.4,35.0,0.0,0.02
2025-11-20,1,8.33,2334.05,2310.0,-200298.39,-90.72,537.37,114.57,96.81,1216.22,313.93,1475.48,885.29,442.64,35.0,0.0,0.01
2025-11-21,1,8.25,2314.11,2310.0,-33878.72,-90.69,537.96,111.4,91.91,1057.34,293.24,1336.72,802.03,401.02,35.0,10.17,0.01
2025-11-21,3,7.93,0.0,2310.0,18325367.84,-0.91,535.3,137.89,12.24,529.4,479.79,1351.42,810.85,405.42,35.0,10.17,0.01
2025-11-21,2,8.17,2311.01,2310.0,-8273.78,-90.06,540.03,121.9,80.65,1180.09,256.08,1386.44,831.86,415.93,35.0,10.17,0.02
2025-11-22,3,8.49,0.0,2310.0,19619969.34,-0.88,534.6,134.76,17.72,595.61,474.79,1447.45,868.47,434.24,35.0,11.7,0.01
2025-11-22,2,8.45,2309.84,2310.0,1377.12,-89.91,539.76,125.22,95.75,1400.68,300.31,1378.95,827.37,413.68,35.0,11.7,0.02
2025-11-22,1,8.48,2312.5,2310.0,-21218.33,-90.59,538.52,115.34,95.62,1270.93,293.16,1381.22,828.73,414.37,35.0,11.7,0.01
2025-11-23,3,8.23,0.0,2310.0,19000265.15,-0.91,535.96,131.88,20.97,609.12,446.48,1472.83,883.7,441.85,35.0,0.0,0.01
2025-11-23,2,8.49,2320.47,2310.0,-88844.84,-89.77,540.38,124.67,80.29,1239.62,318.59,1407.45,844.47,422.23,35.0,0.0,0.02
2025-11-23,1,8.47,2317.39,2310.0,-62615.42,-90.61,537.78,114.8,84.5,1197.89,315.31,1421.22,852.73,426.37,35.0,0.0,0.01
2025-11-24,2,8.23,2314.35,2310.0,-35811.55,-90.01,540.08,124.4,102.81,1280.36,305.97,1658.24,994.94,497.47,35.0,10.19,0.02
2025-11-24,3,8.32,0.0,2310.0,19220946.22,-0.92,541.71,136.79,17.96,603.31,432.72,1327.44,796.46,398.23,35.0,10.19,0.02
2025-11-24,1,8.32,2317.17,2310.0,-59632.15,-90.41,538.12,116.27,101.11,1221.58,316.85,1541.8,925.08,462.54,35.0,10.19,0.02
2025-11-25,1,8.01,2312.68,2310.0,-21449.08,-90.36,538.38,113.84,92.22,1199.24,302.71,1626.53,975.92,487.96,35.0,0.0,0.01
2025-11-25,3,8.0,0.0,2310.0,18470142.77,-0.93,536.62,135.14,12.63,510.59,441.31,1651.31,990.79,495.39,35.0,0.0,0.01
2025-11-25,2,7.25,2310.99,2314.05,22131.08,-0.9,536.93,128.67,10.18,628.16,363.09,2065.66,1239.4,619.7,44.07,0.0,0.01
2025-11-26,2,8.28,2306.88,2310.0,25813.51,-89.89,540.76,123.98,86.71,1167.65,304.32,1685.79,1011.47,505.74,35.0,0.0,0.02
2025-11-26,3,7.97,0.0,2310.0,18403903.9,-0.91,531.94,134.98,18.24,614.45,446.64,1521.36,912.82,456.41,35.0,0.0,0.02
2025-11-26,1,8.32,2348.15,2310.0,-317551.7,-90.29,537.66,112.65,74.87,1184.88,303.52,1572.63,943.58,471.79,35.0,0.0,0.02
2025-11-27,1,8.43,2311.52,2310.0,-12818.55,-90.51,537.48,115.87,86.44,1177.08,300.95,1460.92,876.55,438.27,35.0,0.0,0.01
2025-11-27,2,8.42,2307.2,2310.0,23558.76,-90.22,539.87,122.84,81.32,1132.22,302.64,1382.15,829.29,414.65,35.0,0.0,0.01
2025-11-27,3,0.0,0.0,2310.0,-8055.43,-91.17,54.7,29.08,35.48,0.0,0.0,1376.51,825.91,412.95,35.0,0.0,0.02
2025-11-28,1,8.42,2305.29,2310.0,39721.77,-90.3,538.04,113.56,103.03,1200.82,298.75,1540.87,924.52,462.26,35.0,23.19,0.02
2025-11-28,2,8.4,2313.59,2310.0,-30155.12,-89.93,539.88,121.72,89.85,1140.89,326.5,1664.97,998.98,499.49,35.0,23.19,0.01
2025-11-28,3,0.0,2335.08,2310.0,90.95,-34.01,332.55,31.47,0.46,0.0,0.0,1457.67,874.6,437.3,35.0,23.19,0.02
2025-11-29,1,8.32,2312.08,2310.0,-17290.51,-90.56,536.79,112.56,104.01,1235.85,301.09,1543.81,926.29,463.14,35.0,10.04,0.01
2025-11-29,3,7.25,2311.32,0.0,-16752780.82,-0.89,533.77,133.93,14.7,568.63,377.61,2065.66,1239.4,619.7,44.07,0.0,0.01
2025-11-29,2,8.01,2349.26,2310.0,-314549.5,-0.9,532.86,132.27,24.83,511.03,437.75,1396.53,837.92,418.96,35.0,0.0,0.02
2025-11-30,1,8.28,2288.85,2310.0,175021.48,-90.52,538.13,114.72,98.46,1236.95,304.53,1375.29,825.18,412.59,35.0,0.0,0.01
2025-11-30,2,7.25,2307.2,2314.05,49623.21,-0.91,533.26,130.54,23.53,519.19,357.62,2065.66,1239.4,619.7,44.07,0.0,0.01
2025-11-30,3,7.42,2311.57,2310.0,-11657.27,-91.02,538.66,116.92,84.52,1403.35,294.17,1402.23,841.34,420.67,35.0,0.0,0.02
2025-12-01,2,7.25,2309.95,2309.42,-3836.62,-0.89,534.11,134.01,16.73,516.83,406.3,2620.59,1572.35,786.18,44.32,0.0,0.01
2025-12-01,3,7.25,2312.57,2305.1,-54149.33,-0.92,535.16,138.94,14.81,471.47,441.39,2620.59,1572.35,786.18,44.32,0.0,0.01
2025-12-01,1,8.45,2306.45,2310.0,30007.34,-90.47,538.36,115.41,85.24,1219.97,306.27,1679.12,1007.47,503.74,35.0,0.0,0.02
2025-12-02,2,8.29,2298.6,2310.0,94501.51,-0.94,540.99,138.91,12.29,613.28,401.6,1392.54,835.52,417.76,35.0,0.0,0.01
2025-12-02,3,8.4,2301.23,2310.0,73691.26,-90.22,538.65,120.61,75.55,1416.54,304.93,1354.91,812.94,406.47,35.0,12.08,0.02
2025-12-02,1,8.34,2311.97,2310.0,-16436.09,-90.25,538.07,112.19,73.46,1183.35,306.9,1668.71,1001.22,500.61,35.0,12.08,0.02
2025-12-03,1,8.42,2310.71,2310.0,-5987.11,-90.66,537.74,114.78,79.1,1232.73,303.15,1629.75,977.85,488.93,35.0,11.51,0.02
2025-12-03,2,8.4,2308.36,2310.0,13769.94,-89.88,540.2,123.46,80.99,1153.42,332.0,1524.33,914.6,457.3,35.0,11.51,0.01
2025-12-03,3,8.41,2303.13,2310.0,57774.49,-90.42,539.81,123.13,64.25,1455.72,328.04,1658.17,994.9,497.45,35.0,11.51,0.01
2025-12-04,2,8.4,2311.05,2310.0,-8843.59,-89.97,539.91,121.98,83.41,1134.84,317.26,1551.57,930.94,465.47,35.0,9.81,0.02
2025-12-04,3,8.41,2303.67,2310.0,53211.19,-90.95,538.65,122.44,79.32,1431.88,302.43,1352.01,811.21,405.6,35.0,9.81,0.01
2025-12-04,1,8.43,2329.89,2310.0,-167610.3,-90.29,537.62,113.55,84.52,1219.84,305.04,1480.42,888.25,444.13,35.0,0.0,0.01
2025-12-05,1,8.37,2312.34,2310.0,-19561.43,-90.3,537.72,112.99,84.26,1189.73,302.6,1416.6,849.96,424.98,35.0,0.0,0.01
2025-12-05,3,8.29,2316.94,2310.0,-57501.6,-0.88,541.74,131.01,12.86,597.9,464.87,1431.08,858.65,429.33,35.0,0.0,0.02
2025-12-05,2,7.99,2322.51,2310.0,-99918.9,-0.9,538.16,133.84,20.69,566.79,468.19,1533.46,920.07,460.04,35.0,0.0,0.02
2025-12-06,3,8.41,2312.09,2310.0,-17606.19,-90.85,539.22,121.0,71.15,1299.75,303.56,1319.99,791.99,396.0,35.0,0.0,0.02
2025-12-06,2,8.42,2320.09,2310.0,-84870.47,-90.06,541.25,121.52,94.43,1119.54,315.7,1438.33,863.0,431.5,35.0,0.0,0.02
2025-12-06,1,8.42,2322.45,2310.0,-104805.32,-90.51,537.77,114.12,89.5,1215.06,269.0,1402.26,841.35,420.68,35.0,0.0,0.01
2025-12-07,3,7.95,2327.12,2310.0,-136072.79,-0.93,532.17,131.94,10.44,474.24,397.33,1490.08,894.05,447.02,35.0,0.0,0.02
2025-12-07,2,7.25,2315.43,2309.42,-43571.97,-0.93,541.18,138.98,24.75,588.14,388.18,2620.59,1572.35,786.18,44.32,312.13,0.02
2025-12-07,1,7.25,2311.33,2309.66,-12150.88,-0.93,537.9,131.03,14.88,464.45,472.24,2620.59,1572.35,786.18,44.32,449.17,0.02
2025-12-08,2,8.11,2313.12,2310.0,-25355.18,-89.99,540.04,122.29,100.5,1192.43,325.7,1498.47,899.08,449.54,35.0,0.0,0.01
2025-12-08,3,6.95,2313.17,2310.0,-21998.94,-90.8,538.07,114.92,65.57,1116.01,348.38,1450.18,870.11,435.05,35.0,0.0,0.01
2025-12-08,1,8.38,2310.28,2310.0,-2376.17,-90.52,536.41,115.36,107.34,1211.12,307.68,1394.86,836.92,418.46,35.0,0.0,0.01
2025-12-09,1,8.17,2308.42,2310.0,12929.6,-90.68,538.22,112.89,88.58,1191.49,297.62,1391.96,835.18,417.59,35.0,12.76,0.01
2025-12-09,3,7.38,2304.53,2310.0,40380.3,-90.88,539.17,116.9,74.62,1375.17,290.72,1510.12,906.07,453.04,35.0,12.76,0.02
2025-12-09,2,8.11,2314.18,2310.0,-33909.81,-90.27,540.55,121.12,87.61,1156.73,322.68,1559.34,935.61,467.8,35.0,12.76,0.02
2025-12-10,1,8.4,2316.73,2310.0,-56491.42,-90.28,537.76,112.69,76.06,1190.92,330.05,1638.83,983.3,491.65,35.0,0.0,0.02
2025-12-10,3,7.85,2282.35,2310.0,216993.12,-0.89,536.43,137.35,20.3,647.14,412.6,1508.28,904.97,452.48,35.0,0.0,0.01
2025-12-10,2,8.22,2316.12,2310.0,-50351.75,-90.23,539.68,122.2,93.22,1135.98,307.48,1595.26,957.16,478.58,35.0,0.0,0.01
2025-12-11,2,8.23,2308.12,2310.0,15433.01,-90.1,540.76,122.84,100.58,1199.53,288.8,1627.43,976.46,488.23,35.0,0.0,0.01
2025-12-11,3,8.1,2310.33,2310.0,-2655.63,-91.19,538.73,121.12,86.13,1296.82,305.58,1595.21,957.13,478.56,35.0,0.0,0.02
2025-12-11,1,8.22,2302.41,2310.0,62350.51,-90.41,536.75,113.24,91.57,1192.52,307.06,1583.21,949.93,474.96,35.0,0.0,0.02
2025-12-12,3,7.25,2306.66,2305.1,-11319.89,-0.93,530.81,129.26,18.88,460.17,370.85,2620.59,1572.35,786.18,44.32,0.0,0.01
2025-12-12,2,7.25,2314.17,2309.42,-34404.35,-0.9,532.58,129.73,14.79,598.56,464.84,2620.59,1572.35,786.18,44.32,0.0,0.02
2025-12-12,1,7.25,2306.61,2309.66,22107.53,-0.89,541.77,129.12,13.0,593.59,459.27,2620.59,1572.35,786.18,44.32,0.0,0.01
2025-12-13,3,7.63,2329.16,2310.0,-146182.45,-90.99,537.04,118.35,71.09,1217.59,306.96,1473.31,883.99,441.99,35.0,0.0,0.02
2025-12-13,1,8.4,2321.62,2310.0,-97618.71,-90.29,536.76,111.38,95.06,1022.44,279.03,1560.37,936.22,468.11,35.0,0.0,0.01
2025-12-13,2,7.94,2323.91,2310.0,-110431.51,-0.89,537.82,138.1,11.28,596.9,448.56,1311.63,786.98,393.49,35.0,0.0,0.02
2025-12-14,2,7.25,2317.11,2309.42,-55696.53,-0.93,536.39,135.72,21.29,476.79,461.13,2620.59,1572.35,786.18,44.32,0.0,0.02
2025-12-14,1,7.25,2371.73,2309.66,-449898.29,-0.94,537.9,129.56,22.18,478.9,427.77,2620.59,1572.35,786.18,44.32,0.0,0.01
2025-12-14,3,7.25,2313.53,2305.1,-61083.44,-0.93,531.24,130.37,21.3,638.76,399.6,2620.59,1572.35,786.18,44.32,0.0,0.02
2025-12-15,2,7.25,2314.65,2309.42,-37868.92,-0.89,536.82,130.0,20.04,486.13,431.6,2620.59,1572.35,786.18,44.32,0.0,0.01
2025-12-15,3,7.15,2314.63,2310.0,-33082.18,-90.81,539.55,116.38,71.08,1202.22,303.7,1557.16,934.3,467.15,35.0,11.37,0.02
2025-12-15,1,2.5,0.0,2310.0,5766863.26,-91.72,479.94,86.2,34.12,705.98,187.19,1673.15,1003.89,501.95,35.0,11.37,0.02
2025-12-16,2,7.25,2316.32,2309.42,-49962.36,-0.89,539.82,132.25,10.58,608.2,442.21,2620.59,1572.35,786.18,44.32,0.0,0.02
2025-12-16,3,7.55,2295.34,2310.0,110677.36,-90.72,537.73,118.42,70.7,1303.53,327.89,1667.74,1000.64,500.32,35.0,0.0,0.02
2025-12-16,1,7.25,2324.66,2309.66,-108759.1,-0.91,541.26,137.86,19.63,521.12,368.34,2620.59,1572.35,786.18,44.32,0.0,0.01
2025-12-17,2,7.88,2307.99,2310.0,15835.07,-90.31,540.85,120.6,87.43,837.88,203.51,1336.65,801.99,400.99,35.0,0.0,0.02
2025-12-17,1,5.98,2283.96,2310.0,155654.46,-86.49,483.41,93.86,72.3,818.02,218.9,1334.67,800.8,400.4,35.0,0.0,0.02
2025-12-17,3,7.7,2304.23,2310.0,44451.83,-90.91,539.77,118.27,64.15,1361.51,299.95,1559.59,935.75,467.88,35.0,0.0,0.02
2025-12-18,2,7.25,2308.35,2309.42,7808.39,-0.91,530.6,131.19,19.64,525.1,424.15,2620.59,1572.35,786.18,44.32,0.0,0.01
2025-12-18,1,8.25,2312.43,2310.0,-20026.99,-90.66,537.78,112.24,110.65,1113.61,300.81,1496.0,897.6,448.8,35.0,0.0,0.02
2025-12-18,3,7.63,2338.6,2310.0,-218092.56,-90.95,537.98,117.53,65.03,1298.8,318.81,1621.8,973.08,486.54,35.0,0.0,0.01
2025-12-19,2,7.87,2327.8,2310.0,-140043.9,-0.88,539.07,132.38,10.79,610.08,407.22,1539.17,923.5,461.75,35.0,0.0,0.01
2025-12-19,1,8.36,2316.91,2310.0,-57734.47,-90.62,537.24,113.67,102.25,1250.43,315.47,1599.65,959.79,479.89,35.0,0.0,0.02
2025-12-19,3,7.72,2345.44,2310.0,-273647.44,-90.93,535.89,119.29,81.04,1300.66,322.79,1462.64,877.59,438.79,35.0,0.0,0.01
2025-12-20,3,7.69,2306.72,2310.0,25258.92,-90.43,539.76,117.03,86.32,1272.07,313.92,1647.84,988.71,494.35,35.0,0.0,0.01
2025-12-20,1,8.42,2309.2,2310.0,6763.37,-90.57,538.53,111.65,83.1,1198.76,347.66,1342.97,805.78,402.89,35.0,0.0,0.01
2025-12-20,2,8.43,2309.42,2310.0,4860.64,-89.95,539.72,120.7,98.97,1213.86,292.62,1541.57,924.94,462.47,35.0,0.0,0.01
2025-12-21,1,7.25,2311.8,2309.66,-15552.78,-0.93,534.31,136.3,17.76,458.78,467.16,2620.59,1572.35,786.18,44.32,0.0,0.01
2025-12-21,3,7.82,2303.11,2310.0,53930.8,-90.73,539.71,118.87,90.0,1262.36,334.24,1502.56,901.53,450.77,35.0,12.09,0.02
2025-12-21,2,8.36,2312.44,2310.0,-20370.38,-90.0,540.82,120.63,101.33,1382.96,301.29,1617.06,970.24,485.12,35.0,12.09,0.01
2025-12-22,1,8.38,2308.0,2310.0,16801.92,-90.52,538.44,111.34,92.57,1228.52,316.0,1521.22,912.73,456.37,35.0,10.04,0.01
2025-12-22,3,7.68,2316.99,2310.0,-53686.22,-90.67,538.14,116.89,67.44,1245.26,302.22,1377.06,826.24,413.12,35.0,0.0,0.01
2025-12-22,2,8.11,2328.5,2310.0,-150028.92,-0.94,533.65,128.99,22.46,538.33,406.79,1320.13,792.08,396.04,35.0,0.0,0.01
2025-12-23,2,7.25,2307.73,2309.42,12255.91,-0.91,533.94,129.28,17.95,589.94,442.06,2620.59,1572.35,786.18,44.32,0.0,0.01
2025-12-23,3,7.73,2336.5,2310.0,-204833.43,-90.91,535.89,118.55,84.99,1241.04,323.27,1517.71,910.62,455.31,35.0,0.0,0.01
2025-12-23,1,8.41,2285.97,2310.0,202094.49,-90.59,538.27,110.71,85.66,1184.19,316.13,1310.5,786.3,393.15,35.0,0.0,0.02
2025-12-24,2,7.93,2284.67,2310.0,200794.34,-0.89,539.72,136.94,22.56,641.17,426.48,1641.39,984.83,492.42,35.0,0.0,0.01
2025-12-24,1,8.35,2281.68,2310.0,236395.17,-90.69,537.32,110.07,97.89,1222.75,304.21,1655.38,993.23,496.61,35.0,0.0,0.01
2025-12-24,3,7.83,2327.65,2310.0,-138096.3,-90.56,537.14,118.95,78.55,1274.88,319.0,1497.16,898.29,449.15,35.0,0.0,0.01
2025-12-25,1,8.41,2310.13,2310.0,-1081.69,-90.72,538.55,110.64,92.92,1279.18,347.22,1346.67,808.0,404.0,35.0,0.0,0.02
2025-12-25,2,8.44,2309.95,2310.0,387.38,-90.02,540.13,121.84,94.81,1337.41,310.13,1344.97,806.98,403.49,35.0,0.0,0.01
2025-12-25,3,7.89,2308.01,2310.0,15676.63,-90.64,539.9,119.56,76.86,1249.0,300.05,1489.59,893.76,446.88,35.0,0.0,0.01
2025-12-26,3,7.25,2302.98,2305.1,15362.62,-0.9,534.62,139.29,23.22,538.43,473.91,2620.59,1572.35,786.18,44.32,0.0,0.01
2025-12-26,2,8.22,2291.06,2310.0,155713.65,-0.89,530.24,133.76,23.51,518.93,416.69,1524.51,914.71,457.35,35.0,0.0,0.02
2025-12-26,1,8.43,2295.51,2310.0,122141.56,-90.47,538.54,112.46,100.53,1470.0,278.0,1314.84,788.9,394.45,35.0,0.0,0.02
2025-12-27,1,8.39,2303.78,2310.0,52196.78,-90.27,538.02,111.0,98.31,1238.47,302.6,1587.36,952.42,476.21,35.0,22.92,0.02
2025-12-27,3,8.03,2305.18,2310.0,38715.35,-90.71,539.6,118.89,70.08,1192.04,327.09,1313.46,788.07,394.04,35.0,22.92,0.01
2025-12-27,2,7.82,2345.81,2310.0,-280207.18,-0.92,539.9,136.45,12.09,562.82,384.29,1601.41,960.85,480.42,35.0,0.0,0.02
2025-12-28,3,7.25,2308.37,2305.1,-23653.89,-0.92,538.21,131.22,20.34,569.07,423.43,2620.59,1572.35,786.18,44.32,0.0,0.02
2025-12-28,1,8.41,2305.27,2310.0,39750.88,-90.51,537.71,108.89,97.12,1248.75,311.52,1485.51,891.31,445.65,35.0,0.0,0.01
2025-12-28,2,8.42,2306.58,2310.0,28758.75,-90.03,540.11,119.97,76.14,1235.48,300.96,1428.73,857.24,428.62,35.0,0.0,0.02
2025-12-29,2,8.41,2312.31,2310.0,-19377.69,-89.97,539.85,120.06,79.23,1272.58,299.83,1583.31,949.98,474.99,35.0,11.72,0.01
2025-12-29,1,8.36,2315.33,2310.0,-44597.31,-90.42,537.73,108.95,93.22,1260.74,319.97,1407.29,844.37,422.19,35.0,0.0,0.02
2025-12-29,3,7.34,2325.13,2310.0,-111064.0,-90.63,537.98,115.7,64.75,1129.69,271.72,1408.67,845.2,422.6,35.0,0.0,0.02
2025-12-30,3,7.87,2304.74,2310.0,41390.75,-90.65,538.39,120.29,88.65,1304.17,296.61,1584.25,950.55,475.28,35.0,10.15,0.01
2025-12-30,1,8.41,2310.43,2310.0,-3586.94,-90.6,538.24,110.25,108.9,1274.6,317.44,1488.37,893.02,446.51,35.0,10.15,0.02
2025-12-30,2,8.41,2310.28,2310.0,-2330.2,-90.03,541.63,121.8,89.87,1295.92,309.28,1342.51,805.5,402.75,35.0,10.15,0.02
2025-12-31,3,7.89,2322.05,2310.0,-95002.84,-90.87,537.77,119.98,71.95,1259.91,284.67,1506.33,903.8,451.9,35.0,0.0,0.01
2025-12-31,2,8.41,2309.21,2310.0,6612.76,-89.78,541.58,121.38,81.16,1223.84,268.54,1611.26,966.76,483.38,35.0,0.0,0.02
2025-12-31,1,7.25,2308.39,2309.66,9148.98,-0.9,541.65,132.5,10.74,582.96,463.07,2620.59,1572.35,786.18,44.32,0.0,0.01
2026-01-01,3,8.16,2304.82,2310.0,42275.44,-90.49,539.52,120.56,66.99,1257.29,298.73,1632.19,979.31,489.66,35.0,0.0,0.02
2026-01-01,1,8.45,2307.46,2310.0,21473.97,-90.63,538.52,111.8,98.94,1248.28,269.47,1357.98,814.79,407.39,35.0,0.0,0.01
2026-01-01,2,8.39,2308.61,2310.0,11634.25,-90.06,541.73,121.4,84.98,1187.37,263.19,1401.58,840.95,420.47,35.0,0.0,0.01
2026-01-02,3,7.86,2289.08,2310.0,164484.92,-0.93,539.68,137.27,22.57,453.13,455.53,1683.66,1010.2,505.1,35.0,0.0,0.01
2026-01-02,1,8.42,2301.33,2310.0,72987.05,-90.03,538.29,109.24,93.92,1197.84,297.81,1313.32,787.99,394.0,35.0,0.0,0.02
2026-01-02,2,8.41,2307.37,2310.0,22165.28,-89.99,540.89,119.26,76.17,1140.17,276.97,1393.34,836.01,418.0,35.0,12.44,0.02
2026-01-03,2,8.35,2306.19,2310.0,31831.34,-90.02,541.63,120.73,82.42,1204.82,304.0,1606.11,963.67,481.83,35.0,0.0,0.01
2026-01-03,1,8.3,2306.57,2310.0,28521.27,-90.48,537.4,109.86,91.87,1186.99,334.36,1426.43,855.86,427.93,35.0,0.0,0.01
2026-01-03,3,8.25,2281.4,2310.0,236059.2,-0.9,531.55,131.1,13.62,516.04,410.47,1494.87,896.92,448.46,35.0,0.0,0.01
2026-01-04,3,7.87,2341.91,2310.0,-251065.76,-0.93,533.33,133.03,22.58,643.54,443.56,1694.33,1016.6,508.3,35.0,0.0,0.01
2026-01-04,1,8.42,2292.55,2310.0,146995.07,-90.89,536.98,111.95,94.81,1233.66,310.53,1354.27,812.56,406.28,35.0,0.0,0.01
2026-01-04,2,8.38,2341.34,2310.0,-262671.45,-0.91,534.4,139.4,14.81,502.95,421.32,1568.19,940.91,470.46,35.0,0.0,0.01
2026-01-05,3,7.96,2305.75,2310.0,33815.72,-90.7,539.29,120.83,75.91,1179.83,329.49,1428.68,857.21,428.61,35.0,0.0,0.02
2026-01-05,1,8.4,2304.57,2310.0,45570.81,-90.66,537.61,112.11,103.31,1239.83,309.19,1477.68,886.61,443.3,35.0,0.0,0.01
2026-01-05,2,8.23,2307.87,2310.0,17512.57,-0.91,539.93,133.02,19.02,553.77,435.91,1652.82,991.69,495.85,35.0,0.0,0.02
2026-01-06,2,8.12,2305.69,2310.0,34953.8,-90.11,540.7,118.52,66.89,1218.5,290.2,1458.03,874.82,437.41,35.0,0.0,0.02
2026-01-06,3,7.98,2290.39,2310.0,156572.89,-0.92,535.27,131.39,24.86,498.17,426.09,1618.53,971.12,485.56,35.0,0.0,0.02
2026-01-06,1,8.09,2334.15,2310.0,-195412.04,-90.56,537.25,108.07,80.27,1124.91,282.43,1409.79,845.87,422.94,35.0,0.0,0.01
2026-01-07,1,8.39,2335.0,2310.0,-209783.93,-90.41,536.99,109.22,87.82,1217.24,294.61,1340.08,804.05,402.02,35.0,0.0,0.01
2026-01-07,2,7.81,2326.91,2310.0,-132063.74,-0.9,536.58,139.07,20.27,563.62,425.47,1558.62,935.17,467.59,35.0,0.0,0.01
2026-01-07,3,7.96,2307.75,2310.0,17871.34,-90.96,539.76,117.0,59.01,1185.11,292.4,1609.54,965.72,482.86,35.0,0.0,0.01
2026-01-08,3,7.93,2309.5,2310.0,3982.49,-90.96,539.85,119.89,78.51,1258.76,331.64,1340.48,804.29,402.14,35.0,0.0,0.01
2026-01-08,2,8.39,2307.56,2310.0,20509.74,-90.07,541.42,121.09,82.56,1299.91,283.28,1418.46,851.08,425.54,35.0,0.0,0.02
2026-01-08,1,8.43,2305.67,2310.0,36494.47,-90.34,537.33,109.9,95.92,1245.22,299.01,1657.53,994.52,497.26,35.0,0.0,0.02
2026-01-09,1,8.38,2320.34,2310.0,-86689.72,-90.51,537.19,110.04,94.12,1241.61,303.28,1569.31,941.58,470.79,35.0,0.0,0.01
2026-01-09,2,8.15,2297.3,2310.0,103545.63,-0.92,540.4,133.18,22.63,458.0,368.01,1513.23,907.94,453.97,35.0,0.0,0.01
2026-01-09,3,8.29,2308.2,2310.0,14902.04,-0.88,533.62,132.82,22.58,523.05,395.88,1657.38,994.43,497.21,35.0,0.0,0.02
2026-01-10,1,8.4,2304.34,2310.0,47520.17,-90.26,536.89,109.8,89.56,1294.59,301.12,1474.49,884.69,442.35,35.0,22.08,0.01
2026-01-10,3,7.78,2304.6,2310.0,42005.75,-91.0,539.74,118.42,71.54,1241.06,279.88,1599.92,959.95,479.97,35.0,22.08,0.02
2026-01-10,2,8.44,2306.71,2310.0,27792.01,-90.17,541.37,121.37,71.91,1343.15,279.18,1620.28,972.17,486.08,35.0,22.08,0.02
2026-01-11,3,8.47,2318.18,2310.0,-69360.07,-0.91,533.93,135.8,24.33,454.48,439.8,1445.4,867.24,433.62,35.0,0.0,0.01
2026-01-11,1,8.41,2337.74,2310.0,-233270.38,-90.66,537.1,108.14,75.91,1208.29,300.46,1392.9,835.74,417.87,35.0,0.0,0.02
2026-01-11,2,8.43,2305.02,2310.0,41988.35,-90.07,541.59,118.23,46.81,1293.04,277.45,1513.19,907.91,453.96,35.0,0.0,0.02
2026-01-12,2,8.02,2326.43,2310.0,-131784.53,-0.9,532.62,138.43,23.81,631.85,423.6,1670.32,1002.19,501.1,35.0,0.0,0.02
2026-01-12,3,8.41,2335.52,2310.0,-214646.48,-0.93,537.49,128.32,16.76,616.73,380.56,1547.59,928.56,464.28,35.0,0.0,0.02
2026-01-12,1,8.4,2312.99,2310.0,-25084.55,-90.75,537.78,109.36,68.11,1202.27,300.44,1392.11,835.27,417.63,35.0,0.0,0.02
2026-01-13,3,7.75,2312.11,2310.0,-16388.2,-90.88,538.69,118.37,67.06,1217.52,291.69,1492.29,895.38,447.69,35.0,0.0,0.01
2026-01-13,2,8.15,2293.52,2310.0,134262.54,-0.93,541.11,139.69,12.04,484.85,416.97,1371.69,823.01,411.51,35.0,0.0,0.02
2026-01-13,1,8.23,2315.08,2310.0,-41765.52,-90.59,537.9,109.65,72.75,1211.5,300.64,1481.88,889.13,444.56,35.0,0.0,0.02
2026-01-14,3,8.42,2311.02,2310.0,-8582.58,-90.68,539.63,119.09,48.79,1195.34,277.56,1393.33,836.0,418.0,35.0,0.0,0.02
2026-01-14,1,8.44,2303.8,2310.0,52318.8,-90.5,537.33,109.24,79.32,1109.09,301.9,1334.52,800.71,400.36,35.0,0.0,0.02
2026-01-14,2,8.43,2304.09,2310.0,49832.63,-90.15,542.19,115.6,34.74,1207.38,292.46,1581.76,949.06,474.53,35.0,0.0,0.02
2026-01-15,3,8.42,2332.22,2310.0,-187175.03,-90.59,540.19,118.89,51.4,1215.58,316.26,1542.83,925.7,462.85,35.0,300.0,0.01
2026-01-15,2,8.42,2306.06,2310.0,33147.15,-90.12,542.13,115.44,41.0,1206.37,290.53,1326.28,795.77,397.88,35.0,17.86,0.02
2026-01-15,1,8.42,2292.46,2310.0,147621.14,-90.41,537.89,107.49,78.3,1078.62,269.9,1366.96,820.18,410.09,35.0,300.0,0.01
2026-01-16,2,7.91,2289.27,2310.0,163928.86,-0.91,534.87,139.46,16.81,609.63,406.72,1493.17,895.9,447.95,35.0,0.0,0.02
2026-01-16,3,7.33,2343.63,2310.0,-246481.38,-90.91,538.89,114.71,62.02,1135.51,263.75,1588.16,952.9,476.45,35.0,0.0,0.01
2026-01-16,1,8.17,2308.78,2310.0,9994.99,-90.5,537.21,107.79,90.54,1199.7,273.41,1406.74,844.04,422.02,35.0,0.0,0.01
2026-01-17,1,8.38,2309.89,2310.0,908.9,-90.53,538.12,107.74,89.02,1202.34,303.82,1675.13,1005.08,502.54,35.0,0.0,0.01
2026-01-17,2,8.4,2294.81,2310.0,127548.49,-0.89,536.72,128.77,22.24,462.45,406.0,1529.2,917.52,458.76,35.0,0.0,0.01
2026-01-17,3,7.59,2284.09,2310.0,196544.64,-91.17,538.45,115.78,72.98,1187.96,284.44,1401.47,840.88,420.44,35.0,0.0,0.01
2026-01-18,1,8.42,2289.19,2310.0,175166.86,-90.57,538.12,110.11,91.67,1213.93,331.56,1316.08,789.65,394.82,35.0,0.0,0.02
2026-01-18,2,8.4,2344.66,2310.0,-291204.87,-0.91,536.46,130.9,18.66,502.06,425.97,1484.21,890.52,445.26,35.0,0.0,0.02
2026-01-18,3,7.23,2307.96,2310.0,14723.59,-90.99,539.46,115.88,65.93,1155.96,283.85,1375.31,825.19,412.59,35.0,0.0,0.02
2026-01-19,3,7.16,2306.44,2310.0,25467.24,-90.97,539.88,114.82,63.44,1161.14,320.3,1559.21,935.53,467.76,35.0,10.42,0.01
2026-01-19,1,8.17,2313.73,2310.0,-30496.31,-90.51,537.38,109.01,83.41,1214.52,285.79,1428.35,857.01,428.5,35.0,10.42,0.01
2026-01-19,2,8.13,2304.95,2310.0,41065.11,-0.94,538.87,137.28,10.61,640.23,463.42,1531.77,919.06,459.53,35.0,0.0,0.02
2026-01-20,3,7.44,2306.9,2310.0,23081.7,-91.03,539.29,116.0,60.67,1191.12,297.14,1517.09,910.25,455.13,35.0,22.24,0.01
2026-01-20,2,8.36,2304.12,2310.0,49173.57,-90.04,541.46,117.06,68.35,1243.51,308.32,1447.3,868.38,434.19,35.0,22.24,0.01
2026-01-20,1,3.78,0.0,2310.0,8724809.02,-68.76,401.87,83.55,41.13,553.61,148.47,1487.94,892.77,446.38,35.0,22.24,0.02
2026-01-21,2,8.39,2298.43,2310.0,97027.0,-0.89,535.57,130.71,22.72,572.78,412.59,1628.53,977.12,488.56,35.0,0.0,0.02
2026-01-21,1,-0.01,0.0,2310.0,-11925.14,0.47,172.25,28.34,1.83,0.0,0.0,1378.65,827.19,413.59,35.0,12.92,0.01
2026-01-21,3,7.39,2342.86,2310.0,-242743.33,-90.65,539.21,115.93,52.88,1246.44,282.43,1352.43,811.46,405.73,35.0,0.0,0.01
2026-01-22,2,8.38,2297.67,2310.0,103303.77,-0.91,532.53,139.49,19.41,483.86,475.68,1311.68,787.01,393.51,35.0,0.0,0.01
2026-01-22,1,-0.01,2306.05,2310.0,-20.47,0.45,143.23,21.3,1.78,0.0,0.0,1370.84,822.5,411.25,35.0,0.0,0.02
2026-01-22,3,7.64,2347.09,2310.0,-283481.28,-90.74,537.32,117.83,63.98,1354.11,301.67,1462.36,877.42,438.71,35.0,0.0,0.02
2026-01-23,2,8.31,2340.45,2310.0,-253028.19,-0.91,530.72,133.06,22.02,599.57,452.0,1595.12,957.07,478.54,35.0,0.0,0.01
2026-01-23,1,3.54,2319.74,2310.0,-34532.55,-67.02,344.57,65.03,40.05,571.7,41.88,1347.06,808.24,404.12,35.0,0.0,0.02
2026-01-23,3,7.44,2313.45,2310.0,-25663.87,-90.81,539.39,117.07,70.94,1341.07,311.99,1698.95,1019.37,509.68,35.0,0.0,0.02
2026-01-24,1,7.33,2317.92,2310.0,-58057.07,-90.96,536.62,103.41,63.52,1217.14,274.63,1514.06,908.44,454.22,35.0,30.32,0.01
2026-01-24,2,7.32,2307.97,2310.0,14858.55,-90.47,541.51,112.26,57.79,1294.83,253.45,1660.33,996.2,498.1,35.0,30.32,0.01
2026-01-24,3,7.22,2311.28,2310.0,-9234.14,-91.12,538.34,114.26,53.77,1285.58,306.11,1415.49,849.3,424.65,35.0,0.0,0.02
2026-01-25,3,7.33,2322.09,2310.0,-88590.75,-90.96,539.63,115.44,64.57,1281.5,328.39,1518.74,911.24,455.62,35.0,0.0,0.01
2026-01-25,2,8.05,2309.13,2310.0,7015.48,-90.26,540.83,116.02,69.39,1299.99,282.62,1311.81,787.09,393.54,35.0,0.0,0.02
2026-01-25,1,7.78,2320.37,2310.0,-80689.47,-90.89,535.49,105.46,79.42,1260.24,321.21,1547.8,928.68,464.34,35.0,0.0,0.01
2026-01-26,2,8.44,2344.5,2310.0,-291160.65,-0.9,531.16,135.39,17.83,491.34,449.46,1616.73,970.04,485.02,35.0,0.0,0.02
2026-01-26,3,7.22,2312.0,2310.0,-14425.79,-90.85,539.65,114.13,50.63,1136.41,297.26,1306.68,784.01,392.0,35.0,0.0,0.01
2026-01-26,1,7.77,2319.3,2310.0,-72330.59,-90.91,536.94,106.44,67.32,1178.17,304.46,1533.35,920.01,460.0,35.0,0.0,0.01
2026-01-27,2,7.9,2340.89,2310.0,-243984.01,-0.92,540.29,137.94,11.27,578.26,465.18,1592.16,955.29,477.65,35.0,0.0,0.02
2026-01-27,3,7.51,2329.74,2310.0,-148183.82,-91.13,539.13,116.49,59.42,1204.73,289.65,1500.2,900.12,450.06,35.0,0.0,0.02
2026-01-27,1,8.02,2343.38,2310.0,-267729.02,-90.62,536.73,108.07,70.83,1248.88,293.74,1448.96,869.38,434.69,35.0,0.0,0.02
2026-01-28,1,8.09,2320.36,2310.0,-83820.5,-90.67,538.07,107.63,60.26,1272.57,289.55,1434.61,860.77,430.38,35.0,11.95,0.02
2026-01-28,2,8.01,2314.05,2310.0,-32462.94,-90.31,541.45,117.18,78.43,1257.8,309.28,1602.47,961.48,480.74,35.0,11.95,0.01
2026-01-28,3,7.45,2314.97,2310.0,-37060.19,-90.81,539.78,116.7,59.2,1227.39,289.3,1627.68,976.61,488.3,35.0,11.95,0.02
2026-01-29,1,7.7,2318.08,2310.0,-62243.85,-90.5,536.86,105.12,67.6,1197.8,289.42,1501.5,900.9,450.45,35.0,39.1,0.01
2026-01-29,3,7.31,2317.91,2310.0,-57787.97,-90.91,539.24,116.2,60.39,1193.28,296.33,1604.57,962.74,481.37,35.0,39.1,0.01
2026-01-29,2,7.96,2319.81,2310.0,-78072.43,-0.92,531.54,129.94,10.54,623.41,420.22,1392.91,835.75,417.87,35.0,0.0,0.02
2026-01-30,2,8.27,2347.82,2310.0,-312767.36,-0.91,535.63,137.09,24.23,492.9,416.65,1434.66,860.8,430.4,35.0,0.0,0.01
2026-01-30,1,8.38,2314.8,2310.0,-40250.36,-0.91,535.6,131.45,11.15,633.62,459.44,1340.49,804.3,402.15,35.0,0.0,0.02
2026-01-30,3,7.57,2313.89,2310.0,-29445.25,-90.85,539.83,119.4,75.29,1259.07,304.17,1333.63,800.18,400.09,35.0,0.0,0.02
2026-01-31,1,8.32,2345.08,2310.0,-291985.55,-0.9,532.19,139.85,23.82,477.15,385.37,1480.09,888.06,444.03,35.0,0.0,0.02
2026-01-31,2,8.22,2312.07,2310.0,-16997.11,-90.46,541.35,117.68,66.44,1181.96,312.57,1319.51,791.7,395.85,35.0,0.0,0.02
2026-01-31,3,7.83,2315.74,2310.0,-44924.51,-90.91,540.06,119.5,66.38,1193.56,309.89,1338.25,802.95,401.47,35.0,0.0,0.02
2026-02-01,2,8.41,2340.84,2310.0,-259509.92,-89.99,540.89,119.26,76.17,1140.17,276.97,1353.32,811.99,406.0,35.0,300.0,0.01
2026-02-01,3,8.39,2298.59,2310.0,95800.45,-0.93,532.74,133.73,19.55,534.16,451.76,1581.85,949.11,474.56,35.0,300.0,0.02
2026-02-01,1,8.34,2320.27,2310.0,-85617.3,-0.93,541.6,129.16,16.11,614.51,457.22,1523.1,913.86,456.93,35.0,300.0,0.01
2026-02-02,3,7.8,2310.1,2310.0,-789.71,-91.21,540.08,118.52,54.55,1157.2,302.96,1558.08,934.85,467.42,35.0,0.0,0.02
2026-02-02,1,8.16,2312.16,2310.0,-17612.72,-90.41,537.89,107.62,68.36,1230.11,315.57,1355.14,813.09,406.54,35.0,0.0,0.01
2026-02-02,2,8.05,0.0,2310.0,18592059.02,-90.54,540.79,117.01,70.1,1234.22,282.72,1639.75,983.85,491.92,35.0,0.0,0.02
2026-02-03,2,7.98,2321.37,2310.0,-90699.72,-0.91,541.6,131.92,22.77,645.29,456.93,1339.56,803.74,401.87,35.0,0.0,0.01
2026-02-03,3,7.94,2308.54,2310.0,11617.63,-90.83,539.69,118.97,55.49,1211.68,287.17,1369.97,821.98,410.99,35.0,0.0,0.02
2026-02-03,1,8.4,2308.49,2310.0,12701.93,-90.72,537.49,108.01,62.27,1170.71,288.18,1572.53,943.52,471.76,35.0,0.0,0.01
2026-02-04,3,7.86,2334.68,2310.0,-194046.62,-0.9,536.32,130.55,23.56,487.94,367.95,1584.4,950.64,475.32,35.0,0.0,0.01
2026-02-04,2,8.08,2330.16,2310.0,-162876.57,-0.89,534.54,137.07,18.61,602.42,438.4,1656.44,993.86,496.93,35.0,0.0,0.02
2026-02-04,1,8.23,2294.49,2310.0,127583.7,-0.92,540.31,129.33,20.05,472.84,398.58,1364.92,818.95,409.48,35.0,0.0,0.01
2026-02-05,1,8.34,2315.56,2310.0,-46375.34,-90.36,536.61,108.01,71.49,1189.16,292.03,1531.86,919.12,459.56,35.0,16.67,0.02
2026-02-05,2,-0.01,2325.86,2310.0,99.76,-12.47,215.39,24.39,2.97,0.0,0.0,1402.74,841.65,420.82,35.0,16.67,0.02
2026-02-05,3,7.91,2286.77,2310.0,183875.33,-0.91,533.73,133.41,24.93,529.0,395.38,1435.05,861.03,430.51,35.0,0.0,0.01
2026-02-06,2,6.36,2311.56,2310.0,-9930.72,-90.85,494.34,101.63,55.51,828.57,198.53,1425.44,855.26,427.63,35.0,0.0,0.01
2026-02-06,3,8.15,2333.88,2310.0,-194671.47,-0.9,537.97,138.45,22.07,625.94,405.95,1411.73,847.04,423.52,35.0,0.0,0.01
2026-02-06,1,8.29,2347.06,2310.0,-307305.45,-0.94,539.33,138.23,16.16,531.7,371.66,1367.05,820.23,410.11,35.0,0.0,0.02
2026-02-07,3,7.93,2330.22,2310.0,-160297.88,-0.94,532.56,139.14,13.09,565.97,456.73,1500.78,900.47,450.23,35.0,0.0,0.01
2026-02-07,1,8.39,2314.49,2310.0,-37652.87,-90.37,537.99,108.59,62.29,1162.56,306.72,1562.32,937.39,468.7,35.0,0.0,0.02
2026-02-07,2,8.41,2310.75,2310.0,-6313.79,-90.48,540.0,118.4,59.55,1168.81,285.38,1448.76,869.26,434.63,35.0,0.0,0.02
2026-02-08,2,8.24,2337.95,2310.0,-230372.4,-0.9,536.67,128.27,20.77,648.71,463.1,1640.1,984.06,492.03,35.0,0.0,0.02
2026-02-08,3,8.32,2311.44,2310.0,-12005.34,-91.14,539.78,118.67,48.38,1234.9,272.42,1657.58,994.55,497.27,35.0,0.0,0.01
2026-02-08,1,8.21,2316.22,2310.0,-51034.58,-90.41,538.62,106.06,59.52,1172.85,289.37,1490.71,894.42,447.21,35.0,0.0,0.01
2026-02-09,2,8.02,2325.2,2310.0,-121990.62,-0.91,533.29,129.69,20.73,571.92,384.36,1377.31,826.39,413.19,35.0,0.0,0.02
2026-02-09,1,8.41,2335.83,2310.0,-217347.78,-0.92,535.17,139.6,20.89,557.8,423.47,1314.77,788.86,394.43,35.0,0.0,0.01
2026-02-09,3,7.83,2341.09,2310.0,-243535.36,-0.89,533.17,135.6,23.68,571.82,365.32,1590.83,954.5,477.25,35.0,0.0,0.02
2026-02-10,1,8.42,2312.56,2310.0,-21585.65,-90.41,538.34,105.42,67.66,1264.2,312.09,1560.7,936.42,468.21,35.0,0.0,0.01
2026-02-10,2,8.41,2309.6,2310.0,3363.31,-90.53,540.53,117.26,73.76,1220.97,302.39,1447.88,868.73,434.36,35.0,0.0,0.01
2026-02-10,3,8.39,2312.49,2310.0,-20895.88,-90.96,539.52,118.0,40.3,1202.18,281.04,1674.27,1004.56,502.28,35.0,0.0,0.01
2026-02-11,3,8.43,2307.08,2310.0,24575.09,-90.93,539.41,119.31,40.83,1254.0,309.59,1369.63,821.78,410.89,35.0,0.0,0.02
2026-02-11,2,8.41,2304.86,2310.0,43191.16,-0.92,535.62,136.01,12.9,569.92,477.83,1583.76,950.26,475.13,35.0,0.0,0.02
2026-02-11,1,8.28,2324.18,2310.0,-117498.21,-0.89,536.69,136.14,20.04,604.48,380.45,1300.21,780.12,390.06,35.0,0.0,0.01
2026-02-12,2,8.25,2310.83,2310.0,-6809.16,-0.91,530.47,136.19,18.54,576.6,400.78,1688.99,1013.39,506.7,35.0,0.0,0.02
2026-02-12,1,8.36,2314.81,2310.0,-40206.11,-90.32,538.25,106.91,53.44,1259.57,266.55,1307.15,784.29,392.15,35.0,0.0,0.01
2026-02-12,3,8.18,2322.81,2310.0,-104814.66,-0.92,532.57,139.85,11.3,618.82,479.07,1695.19,1017.12,508.56,35.0,0.0,0.01
2026-02-13,3,8.43,2349.12,2310.0,-329568.36,-91.21,539.69,119.6,36.15,1239.63,283.49,1581.72,949.03,474.52,35.0,0.0,0.02
2026-02-13,1,8.42,2340.22,2310.0,-254462.75,-90.39,538.6,107.09,46.51,1247.49,289.4,1547.16,928.3,464.15,35.0,0.0,0.02
2026-02-13,2,8.38,2342.73,2310.0,-274300.31,-90.62,541.23,117.68,59.56,1208.23,284.0,1307.53,784.52,392.26,35.0,0.0,0.02
2026-02-14,1,8.33,2293.21,2310.0,139816.19,-90.57,538.06,106.45,48.64,1226.31,309.16,1318.67,791.2,395.6,35.0,0.0,0.01
2026-02-14,3,7.86,2280.02,2310.0,235773.19,-0.9,532.22,133.03,22.69,488.09,445.75,1342.69,805.61,402.81,35.0,0.0,0.02
2026-02-14,2,8.33,2318.77,2310.0,-73073.82,-90.58,540.61,116.82,60.29,1233.69,309.12,1534.84,920.9,460.45,35.0,0.0,0.01
2026-02-15,2,8.35,2331.42,2310.0,-178821.97,-90.45,541.14,117.6,63.86,1240.13,289.93,1540.83,924.5,462.25,35.0,0.0,0.01
2026-02-15,1,8.35,2338.56,2310.0,-238552.1,-90.38,538.15,105.87,48.28,1206.68,312.15,1664.47,998.68,499.34,35.0,0.0,0.01
2026-02-15,3,8.33,2309.4,2310.0,5003.02,-0.92,539.34,139.94,11.17,591.34,449.7,1659.91,995.95,497.97,35.0,300.0,0.01
2026-02-16,3,8.28,2307.35,2310.0,21918.4,-0.89,532.79,135.36,23.77,526.2,473.32,1386.36,831.81,415.91,35.0,0.0,0.02
2026-02-16,2,8.07,2288.41,2310.0,174229.75,-90.5,540.33,117.02,59.42,1222.73,292.27,1595.42,957.25,478.63,35.0,0.0,0.01
2026-02-16,1,8.42,2298.08,2310.0,100370.91,-0.9,536.11,129.6,14.61,546.24,468.85,1453.57,872.14,436.07,35.0,0.0,0.02
2026-02-17,1,8.47,2294.39,2310.0,132177.4,-90.33,537.74,108.55,60.89,1289.39,324.01,1442.6,865.56,432.78,35.0,0.0,0.02
2026-02-17,2,8.01,2324.18,2310.0,-113589.44,-0.93,537.55,137.2,14.98,469.15,375.13,1563.1,937.86,468.93,35.0,0.0,0.02
2026-02-17,3,8.43,2347.13,2310.0,-313025.61,-0.89,539.69,135.83,24.0,641.11,445.88,1540.61,924.36,462.18,35.0,0.0,0.02
2026-02-18,3,8.42,2347.18,2310.0,-313156.19,-0.94,541.98,130.53,16.17,575.73,420.53,1628.27,976.96,488.48,35.0,0.0,0.02
2026-02-18,1,8.45,2306.84,2310.0,26751.72,-0.89,530.54,137.62,15.41,543.17,375.02,1685.71,1011.42,505.71,35.0,0.0,0.01
2026-02-18,2,7.96,2323.72,2310.0,-109107.59,-0.91,538.58,134.33,21.0,468.51,370.97,1335.91,801.54,400.77,35.0,0.0,0.01
2026-02-19,1,7.96,2337.14,2310.0,-216061.9,-0.89,534.02,135.51,23.8,544.07,417.6,1579.7,947.82,473.91,35.0,0.0,0.02
2026-02-19,3,8.02,2344.66,2310.0,-277928.51,-0.91,532.41,131.87,17.08,589.84,381.25,1513.15,907.89,453.95,35.0,0.0,0.02
2026-02-19,2,8.42,2311.5,2310.0,-12655.55,-0.89,531.79,129.04,23.36,636.29,405.11,1605.16,963.1,481.55,35.0,0.0,0.02
2026-02-20,3,8.06,2301.79,2310.0,66156.11,-0.91,540.59,128.98,10.86,499.49,456.56,1593.01,955.81,477.9,35.0,0.0,0.01
2026-02-20,1,8.13,2318.12,2310.0,-65985.72,-0.91,539.08,138.85,17.19,633.07,391.36,1339.7,803.82,401.91,35.0,0.0,0.01
2026-02-20,2,7.83,2289.05,2310.0,164057.26,-0.9,534.38,139.25,17.14,561.47,431.42,1393.76,836.26,418.13,35.0,0.0,0.01
2026-02-21,1,8.32,2326.13,2310.0,-134177.36,-0.9,536.98,133.71,12.47,517.37,423.53,1558.59,935.15,467.58,35.0,0.0,0.02
2026-02-21,2,8.33,2340.41,2310.0,-253469.02,-0.9,531.35,129.09,13.92,546.95,380.65,1643.54,986.12,493.06,35.0,0.0,0.02
2026-02-21,3,7.93,2280.17,2310.0,236434.33,-0.91,539.66,128.46,23.06,513.34,470.25,1595.61,957.36,478.68,35.0,0.0,0.02
2026-02-22,1,8.21,2333.93,2310.0,-196371.56,-0.93,537.43,132.81,19.26,468.4,424.45,1506.29,903.77,451.89,35.0,0.0,0.02
2026-02-22,2,7.96,2322.25,2310.0,-97506.92,-0.92,533.58,137.35,23.33,456.45,442.88,1388.85,833.31,416.66,35.0,0.0,0.02
2026-02-22,3,7.8,2329.24,2310.0,-150115.78,-0.88,532.01,128.26,19.05,578.62,436.54,1439.22,863.53,431.77,35.0,0.0,0.01
2026-02-23,2,8.27,2336.69,2310.0,-220835.06,-0.93,537.65,128.45,16.58,557.01,365.91,1692.49,1015.49,507.75,35.0,0.0,0.02
2026-02-23,3,7.97,2317.91,2310.0,-63018.23,-0.9,532.07,137.52,10.91,516.69,445.45,1526.32,915.79,457.9,35.0,0.0,0.02
2026-02-23,1,7.85,2286.15,2310.0,187299.58,-0.89,532.87,132.31,14.8,540.46,426.5,1584.63,950.78,475.39,35.0,0.0,0.01
2026-02-24,1,7.92,2330.63,2310.0,-163310.35,-0.89,538.55,129.99,17.92,469.17,364.49,1647.64,988.58,494.29,35.0,0.0,0.02
2026-02-24,2,8.37,2301.69,2310.0,69603.41,-0.91,541.22,135.33,24.51,594.3,395.99,1629.59,977.75,488.88,35.0,0.0,0.02
2026-02-24,3,8.4,2303.54,2310.0,54209.99,-0.9,539.94,138.5,11.62,608.03,424.07,1397.64,838.58,419.29,35.0,0.0,0.02
2026-02-25,1,8.34,2317.5,2310.0,-62497.75,-0.88,535.39,129.12,20.09,552.89,476.98,1359.59,815.76,407.88,35.0,0.0,0.01
2026-02-25,3,8.36,2299.1,2310.0,91178.13,-0.92,534.72,135.91,11.82,504.13,366.02,1653.06,991.83,495.92,35.0,0.0,0.01
2026-02-25,2,8.24,2336.87,2310.0,-221496.23,-0.88,530.57,131.35,23.48,646.47,408.3,1615.26,969.16,484.58,35.0,0.0,0.01
2026-02-26,2,7.85,2324.31,2310.0,-112331.22,-0.91,539.33,136.67,16.21,492.84,358.03,1544.93,926.96,463.48,35.0,0.0,0.01
2026-02-26,3,8.31,2328.74,2310.0,-155683.38,-0.9,537.99,134.76,19.69,649.81,454.2,1413.87,848.32,424.16,35.0,0.0,0.02
2026-02-26,1,8.26,2322.97,2310.0,-107206.27,-0.88,532.03,137.7,23.86,470.67,383.79,1403.69,842.21,421.11,35.0,0.0,0.02
2026-02-27,1,8.45,2302.58,2310.0,62744.38,-0.92,534.57,138.35,16.54,468.49,479.58,1397.12,838.27,419.14,35.0,0.0,0.02
2026-02-27,2,8.11,2345.73,2310.0,-289829.97,-0.92,537.81,132.93,18.59,588.19,387.78,1350.93,810.56,405.28,35.0,0.0,0.01
2026-02-27,3,7.94,2331.81,2310.0,-173083.5,-0.93,534.44,135.56,12.37,558.28,364.85,1467.32,880.39,440.2,35.0,0.0,0.02
2026-02-28,1,7.97,2328.69,2310.0,-149054.25,-0.89,541.32,139.98,21.62,571.32,399.59,1335.77,801.46,400.73,35.0,0.0,0.01
2026-02-28,2,8.45,2305.37,2310.0,39094.81,-0.9,541.21,130.31,11.84,502.92,407.16,1379.45,827.67,413.84,35.0,0.0,0.02
2026-02-28,3,8.3,2340.95,2310.0,-256940.65,-0.93,533.85,131.53,10.92,622.54,415.66,1547.95,928.77,464.39,35.0,0.0,0.01
2026-03-01,2,7.84,2292.22,2310.0,139445.61,-0.92,538.4,138.38,20.13,465.38,385.27,1565.87,939.52,469.76,35.0,0.0,0.02
2026-03-01,1,8.17,2332.66,2310.0,-185062.09,-0.91,534.9,137.37,14.63,459.74,436.69,1447.07,868.24,434.12,35.0,0.0,0.01
2026-03-01,3,7.91,2326.5,2310.0,-130538.55,-0.93,541.85,131.71,17.23,547.9,416.48,1538.63,923.18,461.59,35.0,300.0,0.02
2026-03-02,1,8.14,2315.82,2310.0,-47384.78,-0.91,532.77,128.18,13.71,602.16,350.73,1472.57,883.54,441.77,35.0,0.0,0.01
2026-03-02,2,8.05,2306.1,2310.0,31421.4,-0.92,531.33,129.37,11.85,508.99,445.75,1372.37,823.42,411.71,35.0,0.0,0.01
2026-03-02,3,7.87,2341.72,2310.0,-249737.81,-0.9,532.73,134.73,18.39,484.93,436.55,1650.76,990.46,495.23,35.0,0.0,0.02
2026-03-03,3,8.44,2318.45,2310.0,-71327.3,-0.93,531.89,135.68,13.85,511.17,427.83,1395.07,837.04,418.52,35.0,0.0,0.01
2026-03-03,1,7.99,2323.46,2310.0,-107620.93,-0.89,541.93,135.06,10.46,636.28,399.28,1637.69,982.61,491.31,35.0,0.0,0.02
2026-03-03,2,8.44,2345.62,2310.0,-300756.49,-0.89,538.76,135.15,22.45,577.32,432.4,1453.7,872.22,436.11,35.0,0.0,0.02
2026-03-04,1,8.08,2295.28,2310.0,118999.91,-0.91,538.5,129.11,17.33,484.03,370.2,1330.49,798.29,399.15,35.0,0.0,0.01
2026-03-04,2,8.31,2344.53,2310.0,-287112.97,-0.92,536.09,139.62,10.66,636.53,369.48,1662.48,997.49,498.74,35.0,0.0,0.01
2026-03-04,3,8.04,2299.42,2310.0,85072.43,-0.89,530.94,128.97,23.56,609.04,469.34,1575.61,945.37,472.68,35.0,0.0,0.02
2026-03-05,2,8.43,2329.94,2310.0,-168084.31,-0.93,530.43,130.17,17.67,542.08,400.63,1300.34,780.2,390.1,35.0,0.0,0.02
2026-03-05,1,8.29,2322.55,2310.0,-104034.72,-0.89,534.68,133.43,23.64,548.92,418.43,1515.77,909.46,454.73,35.0,0.0,0.02
2026-03-05,3,8.17,2298.53,2310.0,93751.53,-0.91,538.57,134.14,22.77,548.28,376.25,1425.2,855.12,427.56,35.0,0.0,0.01
2026-03-06,3,7.82,2284.67,2310.0,198142.4,-0.93,534.59,134.47,23.3,606.09,466.97,1674.96,1004.97,502.49,35.0,0.0,0.02
2026-03-06,1,8.18,2349.75,2310.0,-325058.94,-0.88,541.12,138.96,10.46,501.83,361.49,1580.9,948.54,474.27,35.0,0.0,0.02
2026-03-06,2,7.96,2294.13,2310.0,126346.62,-0.9,535.67,135.59,23.0,494.45,366.56,1697.15,1018.29,509.15,35.0,0.0,0.01
2026-03-07,1,7.92,2339.78,2310.0,-235819.7,-0.93,536.35,128.14,15.38,566.33,373.65,1398.56,839.14,419.57,35.0,0.0,0.01
2026-03-07,3,7.83,2347.89,2310.0,-296521.3,-0.9,537.24,132.61,11.69,600.96,413.91,1660.66,996.4,498.2,35.0,0.0,0.02
2026-03-07,2,7.94,2292.16,2310.0,141568.0,-0.91,533.75,136.9,10.85,619.21,475.61,1389.9,833.94,416.97,35.0,0.0,0.01
2026-03-08,2,8.22,2318.48,2310.0,-69745.56,-0.91,537.15,131.01,14.5,532.49,370.47,1388.67,833.2,416.6,35.0,0.0,0.01
2026-03-08,1,8.44,2303.28,2310.0,56680.26,-0.93,530.64,137.95,19.65,529.48,364.33,1527.09,916.25,458.13,35.0,0.0,0.02
2026-03-08,3,7.93,2283.21,2310.0,212556.33,-0.91,538.4,132.36,15.4,592.15,358.96,1547.08,928.25,464.12,35.0,0.0,0.01
2026-03-09,1,8.27,2313.36,2310.0,-27834.41,-0.91,533.15,139.64,12.22,475.98,467.18,1428.87,857.32,428.66,35.0,0.0,0.02
2026-03-09,3,8.46,2320.83,2310.0,-91536.25,-0.93,538.05,131.71,15.57,520.57,397.52,1314.53,788.72,394.36,35.0,0.0,0.01
2026-03-09,2,8.43,2333.33,2310.0,-196679.12,-0.93,530.72,131.82,20.65,515.44,443.15,1360.38,816.23,408.12,35.0,0.0,0.02
2026-03-10,2,8.14,2303.21,2310.0,55268.52,-0.93,532.79,135.94,15.45,534.68,469.89,1622.57,973.54,486.77,35.0,0.0,0.02
2026-03-10,1,8.25,2299.93,2310.0,83166.24,-0.92,541.77,136.99,23.81,610.82,406.6,1325.49,795.3,397.65,35.0,0.0,0.01
2026-03-10,3,8.37,2292.4,2310.0,147328.14,-0.89,532.38,128.13,19.35,527.68,393.77,1492.5,895.5,447.75,35.0,0.0,0.01
2026-03-11,3,7.81,2297.2,2310.0,99949.66,-0.9,530.07,130.57,12.16,541.54,390.11,1524.51,914.71,457.35,35.0,0.0,0.02
2026-03-11,2,8.09,2308.25,2310.0,14112.77,-0.92,540.87,128.96,11.87,569.48,397.44,1562.41,937.44,468.72,35.0,0.0,0.01
2026-03-11,1,8.39,2296.04,2310.0,117161.83,-0.89,537.27,130.5,23.92,545.66,412.32,1516.46,909.87,454.94,35.0,0.0,0.02
2026-03-12,1,8.19,2293.76,2310.0,133025.47,-0.92,538.24,136.36,11.5,626.32,436.99,1579.64,947.79,473.89,35.0,0.0,0.01
2026-03-12,2,8.04,2314.63,2310.0,-37226.16,-0.89,536.86,135.99,22.42,610.21,364.7,1374.19,824.51,412.26,35.0,0.0,0.01
2026-03-12,3,8.42,2327.74,2310.0,-149322.33,-0.89,530.94,133.48,22.16,574.58,387.6,1631.53,978.92,489.46,35.0,0.0,0.02
2026-03-13,2,7.84,2314.9,2310.0,-38411.15,-0.92,531.15,138.3,19.67,511.93,363.88,1495.88,897.53,448.76,35.0,0.0,0.01
2026-03-13,1,8.02,2317.33,2310.0,-58750.81,-0.9,532.96,136.19,12.18,591.02,377.22,1405.75,843.45,421.72,35.0,0.0,0.01
2026-03-13,3,7.84,2289.76,2310.0,158675.36,-0.89,530.97,128.71,22.37,576.12,417.91,1517.26,910.36,455.18,35.0,0.0,0.01
2026-03-14,3,8.09,2314.19,2310.0,-33889.17,-0.92,540.37,138.0,21.69,501.0,397.37,1458.01,874.8,437.4,35.0,0.0,0.02
2026-03-14,2,8.11,2289.46,2310.0,166526.36,-0.93,538.49,134.2,11.35,597.13,405.31,1511.75,907.05,453.53,35.0,0.0,0.02
2026-03-14,1,8.14,2286.91,2310.0,187847.65,-0.94,538.93,133.65,10.38,552.57,466.38,1567.77,940.66,470.33,35.0,0.0,0.01
2026-03-15,1,7.99,2284.61,2310.0,202904.23,-0.9,537.26,139.78,22.08,499.32,432.64,1485.76,891.45,445.73,35.0,0.0,0.01
2026-03-15,2,8.12,2317.61,2310.0,-61794.49,-0.93,534.14,139.72,16.74,601.36,416.58,1381.27,828.76,414.38,35.0,0.0,0.01
2026-03-15,3,7.85,2309.71,2310.0,2244.03,-0.92,537.2,133.84,22.86,490.94,379.79,1564.57,938.74,469.37,35.0,0.0,0.01
2026-03-16,3,7.86,2302.55,2310.0,58619.84,-0.94,532.71,139.68,21.6,598.1,407.49,1558.64,935.19,467.59,35.0,0.0,0.02
2026-03-16,1,8.29,2304.62,2310.0,44584.47,-0.94,538.57,132.38,23.61,628.04,418.56,1631.35,978.81,489.41,35.0,0.0,0.02
2026-03-16,2,8.39,2293.44,2310.0,138885.29,-0.94,541.67,131.16,10.45,636.28,443.67,1422.97,853.78,426.89,35.0,0.0,0.01
2026-03-17,2,8.42,2347.98,2310.0,-319630.94,-0.91,541.3,130.16,22.72,641.39,420.9,1621.06,972.63,486.32,35.0,0.0,0.02
2026-03-17,3,7.94,2310.91,2310.0,-7200.13,-0.89,536.68,130.87,14.79,579.24,465.42,1532.27,919.36,459.68,35.0,0.0,0.01
2026-03-17,1,8.07,2317.03,2310.0,-56688.73,-0.92,531.29,129.17,10.1,630.59,423.74,1616.71,970.02,485.01,35.0,0.0,0.02
2026-03-18,2,7.91,2339.1,2310.0,-230262.47,-0.91,541.66,128.08,20.39,577.81,447.84,1553.78,932.27,466.13,35.0,0.0,0.02
2026-03-18,1,7.94,2328.75,2310.0,-148785.82,-0.89,541.56,130.15,15.62,564.37,354.89,1550.37,930.22,465.11,35.0,0.0,0.02
2026-03-18,3,7.81,2294.21,2310.0,123274.12,-0.92,540.23,135.11,10.07,545.17,414.51,1314.81,788.88,394.44,35.0,0.0,0.02
2026-03-19,1,8.25,2291.85,2310.0,149707.17,-0.89,534.5,129.45,20.04,546.77,461.73,1420.27,852.16,426.08,35.0,0.0,0.02
2026-03-19,2,8.02,2302.13,2310.0,63054.42,-0.89,537.97,131.05,17.35,638.55,398.01,1451.57,870.94,435.47,35.0,0.0,0.02
2026-03-19,3,7.98,2296.31,2310.0,109176.21,-0.91,533.26,137.19,21.46,461.56,401.8,1575.38,945.23,472.61,35.0,0.0,0.02
2026-03-20,3,7.91,2304.72,2310.0,41818.61,-0.89,530.56,129.1,17.06,591.31,401.84,1389.62,833.77,416.89,35.0,0.0,0.01
2026-03-20,2,7.95,2345.9,2310.0,-285278.67,-0.91,533.87,131.74,16.84,515.56,350.99,1662.32,997.39,498.7,35.0,0.0,0.02
2026-03-20,1,8.3,2323.08,2310.0,-108553.68,-0.89,540.13,131.96,18.17,469.87,443.14,1378.95,827.37,413.68,35.0,0.0,0.02
2026-03-21,2,7.81,2282.74,2310.0,212881.62,-0.93,537.18,137.12,14.3,639.0,378.35,1560.76,936.46,468.23,35.0,0.0,0.02
2026-03-21,3,7.96,2287.86,2310.0,176129.21,-0.93,536.16,134.53,17.87,617.73,358.88,1533.5,920.1,460.05,35.0,0.0,0.01
2026-03-21,1,7.82,2282.7,2310.0,213432.96,-0.92,534.21,134.16,23.7,541.59,362.99,1393.97,836.38,418.19,35.0,0.0,0.01
2026-03-22,3,8.16,2297.4,2310.0,102818.68,-0.93,531.16,130.03,24.11,507.97,433.35,1513.54,908.12,454.06,35.0,0.0,0.01
2026-03-22,2,8.31,2304.91,2310.0,42348.3,-0.94,536.5,132.73,11.94,570.13,439.62,1474.13,884.48,442.24,35.0,0.0,0.01
2026-03-22,1,8.21,2345.33,2310.0,-290090.28,-0.91,536.91,139.24,14.85,535.54,396.4,1391.14,834.68,417.34,35.0,0.0,0.01
2026-03-23,2,8.47,2304.47,2310.0,46860.74,-0.89,540.88,138.02,19.18,639.88,377.15,1583.73,950.24,475.12,35.0,0.0,0.02
2026-03-23,3,8.36,2338.27,2310.0,-236348.54,-0.94,536.24,139.06,17.78,648.03,354.16,1682.7,1009.62,504.81,35.0,0.0,0.01
2026-03-23,1,8.33,2300.38,2310.0,80102.95,-0.9,536.15,129.27,18.39,460.75,381.9,1476.83,886.1,443.05,35.0,0.0,0.02
2026-03-24,3,8.27,2338.17,2310.0,-233007.88,-0.89,533.72,132.69,13.79,571.54,404.73,1441.94,865.16,432.58,35.0,0.0,0.02
2026-03-24,1,8.0,2308.36,2310.0,13144.0,-0.93,539.54,134.4,14.24,496.75,362.18,1323.61,794.17,397.08,35.0,0.0,0.01
2026-03-24,2,7.84,2305.28,2310.0,36978.7,-0.93,530.92,131.98,10.33,546.48,404.24,1599.3,959.58,479.79,35.0,0.0,0.02
2026-03-25,2,8.47,2304.74,2310.0,44577.93,-0.93,538.12,139.1,13.54,633.54,464.6,1676.58,1005.95,502.98,35.0,0.0,0.01
2026-03-25,1,7.95,2286.21,2310.0,189071.95,-0.93,531.03,139.27,24.48,645.05,436.43,1675.17,1005.1,502.55,35.0,0.0,0.01
2026-03-25,3,8.46,2336.13,2310.0,-221149.02,-0.92,540.64,129.71,13.36,608.72,451.68,1678.36,1007.02,503.51,35.0,0.0,0.02
2026-03-26,2,8.24,2348.82,2310.0,-320025.41,-0.91,539.61,134.91,24.12,532.8,383.17,1626.52,975.91,487.96,35.0,0.0,0.02
2026-03-26,1,7.96,2333.73,2310.0,-189013.97,-0.91,536.01,133.68,20.46,539.25,413.1,1303.15,781.89,390.94,35.0,0.0,0.02
2026-03-26,3,8.03,2312.52,2310.0,-20247.38,-0.91,532.73,137.34,15.62,497.81,456.48,1632.57,979.54,489.77,35.0,0.0,0.02
2026-03-27,3,8.33,2333.89,2310.0,-199063.9,-0.92,531.83,128.84,22.54,621.8,410.38,1355.67,813.4,406.7,35.0,0.0,0.02
2026-03-27,1,8.34,2321.61,2310.0,-96855.42,-0.94,534.2,136.7,19.83,451.65,421.14,1439.78,863.87,431.93,35.0,0.0,0.01
2026-03-27,2,7.81,2305.43,2310.0,35656.8,-0.89,530.19,136.64,16.85,559.38,479.05,1696.25,1017.75,508.88,35.0,0.0,0.01
2026-03-28,3,8.02,2329.21,2310.0,-154050.23,-0.91,540.73,129.17,13.16,586.95,430.88,1413.15,847.89,423.94,35.0,0.0,0.01
2026-03-28,2,8.3,2310.38,2310.0,-3178.82,-0.94,534.7,131.66,16.5,486.56,424.92,1421.18,852.71,426.36,35.0,0.0,0.02
2026-03-28,1,7.82,2280.0,2310.0,234546.84,-0.9,541.82,129.18,23.21,540.87,434.87,1438.37,863.02,431.51,35.0,0.0,0.01
2026-03-29,3,8.24,2304.34,2310.0,46677.56,-0.92,530.28,136.84,22.43,533.28,431.05,1368.08,820.85,410.42,35.0,0.0,0.01
2026-03-29,2,8.05,2327.41,2310.0,-140237.92,-0.89,531.1,139.19,24.44,504.17,450.0,1672.58,1003.55,501.77,35.0,0.0,0.02
2026-03-29,1,8.17,2307.84,2310.0,17648.13,-0.88,538.84,130.79,16.04,572.61,367.51,1629.13,977.48,488.74,35.0,0.0,0.01
2026-03-30,3,8.07,2282.96,2310.0,218261.56,-0.9,540.62,138.46,21.98,469.95,439.63,1414.61,848.76,424.38,35.0,0.0,0.01
2026-03-30,1,8.09,2323.16,2310.0,-106497.94,-0.93,538.98,137.23,22.5,632.32,452.23,1693.61,1016.17,508.08,35.0,0.0,0.02
2026-03-30,2,8.46,2294.73,2310.0,129145.04,-0.93,537.78,138.35,20.79,597.54,456.65,1486.88,892.13,446.06,35.0,0.0,0.02
2026-03-31,1,8.26,2323.59,2310.0,-112279.28,-0.9,541.79,135.54,18.02,484.86,360.26,1537.87,922.72,461.36,35.0,0.0,0.01
2026-03-31,2,8.31,2336.91,2310.0,-223563.9,-0.91,535.23,135.55,11.22,475.37,473.22,1642.03,985.22,492.61,35.0,0.0,0.02
2026-03-31,3,8.45,2305.21,2310.0,40488.15,-0.9,534.66,133.22,15.02,546.16,377.27,1442.34,865.4,432.7,35.0,0.0,0.01
,1,7.25,,,,-0.9,531.4,135.83,22.61,537.56,414.41,2486.17,1491.7,745.85,45.44,0.0,0.02
,2,7.25,,,,-0.93,537.94,129.29,13.56,550.21,385.89,2486.17,1491.7,745.85,45.44,0.0,0.02
,3,7.25,,,,-0.9,536.61,131.24,24.31,525.28,387.27,2486.17,1491.7,745.85,45.44,0.0,0.01
